ID,WD,JD,GD,SD,SJ,target,Unnamed: 7,new
R2019081304382085206242,32.437544335060394,128.132338292183,4753.85904370521,691.108491337443,2012/2/1 9:55:50,F-3,,"128.132338292183,32.437544335060394"
R2019081304382085206242,32.4147361837936,128.110181307093,4945.0477014505495,669.8484101890809,2012/2/1 9:56:00,F-3,,"128.110181307093,32.4147361837936"
R2019081304382085206242,32.3960175276961,128.10479460593902,5210.60501211817,658.900233548554,2012/2/1 9:56:10,F-3,,"128.10479460593902,32.3960175276961"
R2019081304382085206242,32.3798814550808,128.105639121502,5033.56792523226,673.5039814019129,2012/2/1 9:56:20,F-3,,"128.105639121502,32.3798814550808"
R2019081304382085206242,32.360344650726,128.105108922197,4855.93008080308,660.32115933966,2012/2/1 9:56:30,F-3,,"128.105108922197,32.360344650726"
R2019081304382085206242,32.372276210281804,128.072840618012,4685.8167476886,712.913326296449,2012/2/1 9:56:40,F-3,,"128.072840618012,32.372276210281804"
R2019081304382085206242,32.364187064331496,128.068158956172,5341.93357585088,697.661653416074,2012/2/1 9:56:50,F-3,,"128.068158956172,32.364187064331496"
R2019081304382085206242,32.355336606470296,128.028571973622,4733.99780608434,684.0062884772229,2012/2/1 9:57:00,F-3,,"128.028571973622,32.355336606470296"
R2019081304382085206242,32.354730350015004,127.99521451778799,4578.46814490783,666.156005866898,2012/2/1 9:57:10,F-3,,"127.99521451778799,32.354730350015004"
R2019081304382085206242,32.3315867545177,127.970984324979,5287.91895545456,683.001799477731,2012/2/1 9:57:20,F-3,,"127.970984324979,32.3315867545177"
R2019081304382085206242,32.31169780782,127.94041486284901,4508.946943100979,735.536678035528,2012/2/1 9:57:30,F-3,,"127.94041486284901,32.31169780782"
R2019081304382085206242,32.2960611511593,127.92209471592301,4781.97095556276,655.515483257135,2012/2/1 9:57:40,F-3,,"127.92209471592301,32.2960611511593"
R2019081304382085206242,32.3070145021413,127.905081702237,4771.80372377476,651.266735420221,2012/2/1 9:57:50,F-3,,"127.905081702237,32.3070145021413"
R2019081304382085206242,32.3118210110091,127.88369734806001,5313.74671534344,674.706875963466,2012/2/1 9:58:00,F-3,,"127.88369734806001,32.3118210110091"
R2019081304382085206242,32.3293122167417,127.868955409069,5018.42522133068,650.104200793479,2012/2/1 9:58:10,F-3,,"127.868955409069,32.3293122167417"
R2019081304382085206242,32.3313564102808,127.84632290892701,4694.3844902303,652.4743448488761,2012/2/1 9:58:20,F-3,,"127.84632290892701,32.3313564102808"
R2019081304382085206242,32.3092490270865,127.814173722411,5310.47693770867,734.121430750993,2012/2/1 9:58:30,F-3,,"127.814173722411,32.3092490270865"
R2019081304382085206242,32.315845628316495,127.80594641841002,5107.52954362311,696.766959105976,2012/2/1 9:58:40,F-3,,"127.80594641841002,32.315845628316495"
R2019081304382085206242,32.296194514650196,127.800299141723,5151.342400187321,655.809192920946,2012/2/1 9:58:50,F-3,,"127.800299141723,32.296194514650196"
R2019081304382085206242,32.2814038726682,127.77591403893999,5020.33914417044,738.975633489422,2012/2/1 9:59:00,F-3,,"127.77591403893999,32.2814038726682"
R2019081304382085206242,32.2914186561749,127.76300351961399,4843.48920376202,701.627127943387,2012/2/1 9:59:10,F-3,,"127.76300351961399,32.2914186561749"
R2019081304382085206242,32.3086795550999,127.73235407612499,4882.51493050834,683.694155902459,2012/2/1 9:59:20,F-3,,"127.73235407612499,32.3086795550999"
R2019081304382085206242,32.3227370233885,127.73075477193001,5377.11486819997,736.0770342341051,2012/2/1 9:59:30,F-3,,"127.73075477193001,32.3227370233885"
R2019081304382085206242,32.310774631289505,127.711187791422,4606.0422095963895,670.219041649354,2012/2/1 9:59:40,F-3,,"127.711187791422,32.310774631289505"
R2019081304382085206242,32.294289473533205,127.70099127772801,5482.36651531531,713.9539216011549,2012/2/1 9:59:50,F-3,,"127.70099127772801,32.294289473533205"
R2019081304382085206242,32.3035862700686,127.681649651462,5153.51219179738,684.969960774747,2012/2/1 10:00:00,F-3,,"127.681649651462,32.3035862700686"
R2019081304382085206242,32.2947707990401,127.652321246831,5320.881865835229,700.4404304318319,2012/2/1 10:00:10,F-3,,"127.652321246831,32.2947707990401"
R2019081304382085206242,32.278666728528,127.629700557496,4588.43781989461,699.77251037479,2012/2/1 10:00:20,F-3,,"127.629700557496,32.278666728528"
R2019081304382085206242,32.2728187607891,127.628937652411,4856.32137644865,658.515466055141,2012/2/1 10:00:30,F-3,,"127.628937652411,32.2728187607891"
R2019081304382085206242,32.2759497008493,127.577052965293,4500.2104900778295,728.371412529783,2012/2/1 10:00:50,F-3,,"127.577052965293,32.2759497008493"
R2019081304382085206242,32.277290394960104,127.556166735448,5124.36537333967,703.390476411856,2012/2/1 10:01:00,F-3,,"127.556166735448,32.277290394960104"
R2019081304382085206242,32.286816669519304,127.534378154756,5341.88212679787,718.342936722721,2012/2/1 10:01:10,F-3,,"127.534378154756,32.286816669519304"
R2019081304382085206242,32.2775236098878,127.515153306518,5126.48975598928,653.988847650582,2012/2/1 10:01:20,F-3,,"127.515153306518,32.2775236098878"
R2019081304382085206242,32.269130179501,127.488408032992,5171.09774596575,661.375259659893,2012/2/1 10:01:30,F-3,,"127.488408032992,32.269130179501"
R2019081304382085206242,32.2750868655857,127.474431871482,4597.8353308038,678.32178395629,2012/2/1 10:01:40,F-3,,"127.474431871482,32.2750868655857"
R2019081304382085206242,32.2869823762502,127.470154304258,5232.35064033994,715.0990048260891,2012/2/1 10:01:50,F-3,,"127.470154304258,32.2869823762502"
R2019081304382085206242,32.300246563878105,127.43071798630899,5308.1546317823995,700.4193814240491,2012/2/1 10:02:00,F-3,,"127.43071798630899,32.300246563878105"
R2019081304382085206242,32.3094373515153,127.426949224735,5073.67509024855,737.3359730408231,2012/2/1 10:02:10,F-3,,"127.426949224735,32.3094373515153"
R2019081304382085206242,32.3269872154003,127.39184307051501,5382.5083434966,674.327253375355,2012/2/1 10:02:20,F-3,,"127.39184307051501,32.3269872154003"
R2019081304382085206242,32.3345381280728,127.37865685127899,4649.45536393181,705.448730502021,2012/2/1 10:02:30,F-3,,"127.37865685127899,32.3345381280728"
R2019081304382085206242,32.3274177652851,127.367557200374,5186.78544959369,661.261637933208,2012/2/1 10:02:40,F-3,,"127.367557200374,32.3274177652851"
R2019081304382085206242,32.3256212478016,127.363763902066,5486.75845236832,693.606943331476,2012/2/1 10:02:50,F-3,,"127.363763902066,32.3256212478016"
R2019081304382085206242,32.315775737126,127.35130497312299,5449.02987403284,745.107872688727,2012/2/1 10:03:00,F-3,,"127.35130497312299,32.315775737126"
R2019081304382085206242,32.2992434213888,127.33863069168801,5084.96418436289,673.173384472343,2012/2/1 10:03:10,F-3,,"127.33863069168801,32.2992434213888"
R2019081304382085206242,32.3140359066857,127.322292147707,5248.39684914257,704.0077506350391,2012/2/1 10:03:20,F-3,,"127.322292147707,32.3140359066857"
R2019081304382085206242,32.2967529919035,127.309329758704,5431.28041547317,690.070949606631,2012/2/1 10:03:30,F-3,,"127.309329758704,32.2967529919035"
R2019081304382085206242,32.3124872526847,127.27637719325399,4564.73365009983,700.153468432908,2012/2/1 10:03:40,F-3,,"127.27637719325399,32.3124872526847"
R2019081304382085206242,32.312671124151,127.263405084963,4565.87677126093,731.740836464679,2012/2/1 10:03:50,F-3,,"127.263405084963,32.312671124151"
R2019081304382085206242,32.3281066896234,127.23972695538001,5180.934787113661,738.6601278039909,2012/2/1 10:04:00,F-3,,"127.23972695538001,32.3281066896234"
R2019081304382085206242,32.3192049883707,127.233710870168,4682.480130429601,679.424265972071,2012/2/1 10:04:10,F-3,,"127.233710870168,32.3192049883707"
R2019081304382085206242,32.3241628257483,127.21648102247299,4916.47510948427,746.9523120657319,2012/2/1 10:04:20,F-3,,"127.21648102247299,32.3241628257483"
R2019081304382085206242,32.332417870481,127.209609871856,4598.46689742918,686.4219530189511,2012/2/1 10:04:30,F-3,,"127.209609871856,32.332417870481"
R2019081304382085206242,32.350671773428004,127.202053442328,4791.2837333471,700.4789017841589,2012/2/1 10:04:40,F-3,,"127.202053442328,32.350671773428004"
R2019081304382085206242,32.3658321692213,127.19421632564699,5263.66461802445,738.634507678745,2012/2/1 10:04:50,F-3,,"127.19421632564699,32.3658321692213"
R2019081304382085206242,32.357413076063,127.16162279718701,5392.56137930442,666.58570734625,2012/2/1 10:05:00,F-3,,"127.16162279718701,32.357413076063"
R2019081304382085206242,32.350736818329395,127.15000995786998,4800.34309639611,735.9142719236729,2012/2/1 10:05:10,F-3,,"127.15000995786998,32.350736818329395"
R2019081304382085206242,32.3582753984956,127.124107924739,4537.5431482855,671.82293656367,2012/2/1 10:05:20,F-3,,"127.124107924739,32.3582753984956"
R2019081304382085206242,32.356213818129504,127.10647941778299,4994.35906833706,658.505957484481,2012/2/1 10:05:30,F-3,,"127.10647941778299,32.356213818129504"
R2019081304382085206242,32.3571545162046,127.10586001220501,4687.15163468716,721.894146721761,2012/2/1 10:05:40,F-3,,"127.10586001220501,32.3571545162046"
R2019081304382085206242,32.355938998182104,127.08329011564699,5364.851425338929,709.531754469281,2012/2/1 10:05:50,F-3,,"127.08329011564699,32.355938998182104"
R2019081304382085206242,32.3515160523625,127.081013994444,4866.37901950925,703.057804169626,2012/2/1 10:06:00,F-3,,"127.081013994444,32.3515160523625"
R2019081304382085206242,32.346273624057005,127.048441505314,4695.881931668089,657.6961741352901,2012/2/1 10:06:10,F-3,,"127.048441505314,32.346273624057005"
R2019081304382085206242,32.339206151405804,127.02829751491998,4904.64775655635,656.38764337934,2012/2/1 10:06:20,F-3,,"127.02829751491998,32.339206151405804"
R2019081304382085206242,32.3351709322971,126.99140022083901,5402.750323015611,696.724586955609,2012/2/1 10:06:30,F-3,,"126.99140022083901,32.3351709322971"
R2019081304382085206242,32.3504580848444,126.96254917913099,4718.85253499209,689.198600845038,2012/2/1 10:06:40,F-3,,"126.96254917913099,32.3504580848444"
R2019081304382085206242,32.3306932501741,126.948033398084,5432.57710055103,747.870543877534,2012/2/1 10:06:50,F-3,,"126.948033398084,32.3306932501741"
R2019081304382085206242,32.3398215022544,126.91170976234899,5343.827370015821,749.42912938978,2012/2/1 10:07:00,F-3,,"126.91170976234899,32.3398215022544"
R2019081304382085206242,32.3364464752986,126.90767389743,4584.08128753495,735.185034612746,2012/2/1 10:07:10,F-3,,"126.90767389743,32.3364464752986"
R2019081304382085206242,32.3107064731054,126.871235590536,4800.99417562643,738.917764317672,2012/2/1 10:07:20,F-3,,"126.871235590536,32.3107064731054"
R2019081304382085206242,32.3252724570545,126.851607212029,5216.16129936472,681.429371066126,2012/2/1 10:07:30,F-3,,"126.851607212029,32.3252724570545"
R2019081304382085206242,32.306674224613296,126.855880163136,5311.793364496811,719.25672216772,2012/2/1 10:07:40,F-3,,"126.855880163136,32.306674224613296"
R2019081304382085206242,32.3015904445123,126.853921703685,4584.424799347489,681.172550670417,2012/2/1 10:07:50,F-3,,"126.853921703685,32.3015904445123"
R2019081304382085206242,32.3073371776262,126.811182500584,4776.25563427632,672.004906377757,2012/2/1 10:08:10,F-3,,"126.811182500584,32.3073371776262"
R2019081304382085206242,32.2859400934387,126.789199834295,4503.37569276028,688.316458202115,2012/2/1 10:08:20,F-3,,"126.789199834295,32.2859400934387"
R2019081304382085206242,32.2659420748192,126.758685212518,4634.26107919508,659.0991832823951,2012/2/1 10:08:30,F-3,,"126.758685212518,32.2659420748192"
R2019081304382085206242,32.2602722666674,126.746905003234,4882.54976756058,676.254413941062,2012/2/1 10:08:40,F-3,,"126.746905003234,32.2602722666674"
R2019081304382085206242,32.2645494328923,126.739401361985,5365.26367294847,668.2497929401001,2012/2/1 10:08:50,F-3,,"126.739401361985,32.2645494328923"
R2019081304382085206242,32.2601413049572,126.72023449630801,4602.5721217052005,726.742554677996,2012/2/1 10:09:00,F-3,,"126.72023449630801,32.2601413049572"
R2019081304382085206242,32.259636047851,126.68736217215,4769.19527038429,680.467918110298,2012/2/1 10:09:10,F-3,,"126.68736217215,32.259636047851"
R2019081304382085206242,32.2409562454899,126.68475949363301,4583.432919384651,653.803807638494,2012/2/1 10:09:20,F-3,,"126.68475949363301,32.2409562454899"
R2019081304382085206242,32.2578684706983,126.683078631705,4873.9860376222,718.9191528916909,2012/2/1 10:09:30,F-3,,"126.683078631705,32.2578684706983"
R2019081304382085206242,32.2596780635001,126.67862876573,5345.97997779305,667.74644275091,2012/2/1 10:09:40,F-3,,"126.67862876573,32.2596780635001"
R2019081304382085206242,32.276676805398004,126.663861554435,5397.37669792835,726.1834873241299,2012/2/1 10:09:50,F-3,,"126.663861554435,32.276676805398004"
R2019081304382085206242,32.2591217399504,126.661629220458,4969.27771273501,685.47853908291,2012/2/1 10:10:00,F-3,,"126.661629220458,32.2591217399504"
R2019081304382085206242,32.26667097988,126.66127883218999,4994.31878118511,678.059246031595,2012/2/1 10:10:10,F-3,,"126.66127883218999,32.26667097988"
R2019081304382085206242,32.2593948324497,126.649167909627,5424.87524958554,732.179656243967,2012/2/1 10:10:20,F-3,,"126.649167909627,32.2593948324497"
R2019081304382085206242,32.238694757564,126.631636453677,4950.59584148722,667.9111220025969,2012/2/1 10:10:30,F-3,,"126.631636453677,32.238694757564"
R2019081304382085206242,32.2398016223404,126.625678570678,5428.02774949373,730.85118917788,2012/2/1 10:10:40,F-3,,"126.625678570678,32.2398016223404"
R2019081304382085206242,32.2392939340665,126.62039880959,4688.56937307332,742.1445568986909,2012/2/1 10:10:50,F-3,,"126.62039880959,32.2392939340665"
R2019081304382085206242,32.226499942585804,126.587721951793,5150.7645205831,690.7302483174631,2012/2/1 10:11:00,F-3,,"126.587721951793,32.226499942585804"
R2019081304382085206242,32.2058512632816,126.57921008507499,4611.479657288401,706.876036364993,2012/2/1 10:11:10,F-3,,"126.57921008507499,32.2058512632816"
R2019081304382085206242,32.221476330033,126.54592887515601,4882.36031652538,669.48727477318,2012/2/1 10:11:20,F-3,,"126.54592887515601,32.221476330033"
R2019081304382085206242,32.2342832688974,126.52750919968399,4654.69835659242,675.258917792355,2012/2/1 10:11:30,F-3,,"126.52750919968399,32.2342832688974"
R2019081304382085206242,32.243386193695805,126.510551253553,4801.418982586551,681.123903175408,2012/2/1 10:11:40,F-3,,"126.510551253553,32.243386193695805"
R2019081304382085206242,32.2543068587858,126.486586975507,5128.878817255089,692.675764133537,2012/2/1 10:11:50,F-3,,"126.486586975507,32.2543068587858"
R2019081304382085206242,32.2399954271797,126.464558637216,5091.03223755538,659.202308724263,2012/2/1 10:12:00,F-3,,"126.464558637216,32.2399954271797"
R2019081304382085206242,32.2196373811844,126.443662015719,5198.2472667928105,667.103204185657,2012/2/1 10:12:10,F-3,,"126.443662015719,32.2196373811844"
R2019081304382085206242,32.2363782066497,126.426926357414,5156.55729018923,656.763156273758,2012/2/1 10:12:20,F-3,,"126.426926357414,32.2363782066497"
R2019081304382085206242,32.2262207717446,126.42475112950301,5239.87998475315,692.6151575253419,2012/2/1 10:12:30,F-3,,"126.42475112950301,32.2262207717446"
R2019081304382085206242,32.2364602272266,126.386261413622,5157.67582769397,726.674721239449,2012/2/1 10:12:40,F-3,,"126.386261413622,32.2364602272266"
R2019081304382085206242,32.2424976361584,126.363028046058,4580.66867621647,660.588350058807,2012/2/1 10:12:50,F-3,,"126.363028046058,32.2424976361584"
R2019081304382085206242,32.2545036979603,126.36227994658998,5213.80650844137,743.9881546394839,2012/2/1 10:13:00,F-3,,"126.36227994658998,32.2545036979603"
R2019081304382085206242,32.241160799455,126.359708258484,5430.39121242724,710.384051017642,2012/2/1 10:13:10,F-3,,"126.359708258484,32.241160799455"
R2019081304382085206242,32.2449712865237,126.33825442297501,5196.731666893111,705.434191113074,2012/2/1 10:13:20,F-3,,"126.33825442297501,32.2449712865237"
R2019081304382085206242,32.2519984086754,126.32219289683901,5230.9532061828995,715.468174156485,2012/2/1 10:13:30,F-3,,"126.32219289683901,32.2519984086754"
R2019081304382085206242,32.2589785687648,126.28527334284401,5204.90295426217,718.687765658222,2012/2/1 10:13:40,F-3,,"126.28527334284401,32.2589785687648"
R2019081304382085206242,32.273621021634604,126.270626015081,5047.0067875213,693.4347259548649,2012/2/1 10:13:50,F-3,,"126.270626015081,32.273621021634604"
R2019081304382085206242,32.2534381732089,126.260733447793,4751.1208803631,659.03633656401,2012/2/1 10:14:00,F-3,,"126.260733447793,32.2534381732089"
R2019081304382085206242,32.2673481454977,126.24976526746799,5197.74050903401,685.382505429621,2012/2/1 10:14:10,F-3,,"126.24976526746799,32.2673481454977"
R2019081304382085206242,32.249818556764104,126.23692532057699,5270.415637069579,699.5760362826179,2012/2/1 10:14:20,F-3,,"126.23692532057699,32.249818556764104"
R2019081304382085206242,32.2304815780293,126.211818957039,4680.27966245091,657.001554550138,2012/2/1 10:14:30,F-3,,"126.211818957039,32.2304815780293"
R2019081304382085206242,32.2321993300165,126.20014174738,4974.46694759394,687.4930294405169,2012/2/1 10:14:40,F-3,,"126.20014174738,32.2321993300165"
R2019081304382085206242,32.227578120239,126.167615912714,5125.71503064861,673.497859213267,2012/2/1 10:14:50,F-3,,"126.167615912714,32.227578120239"
R2019081304382085206242,32.2320719404196,126.16744120122401,4790.66495657464,655.683372265512,2012/2/1 10:15:00,F-3,,"126.16744120122401,32.2320719404196"
R2019081304382085206242,32.224597443053796,126.142185819229,5466.74353162141,680.3221030767639,2012/2/1 10:15:10,F-3,,"126.142185819229,32.224597443053796"
R2019081304382085206242,32.2138718729037,126.12855043254,4541.752827838879,745.694123253084,2012/2/1 10:15:20,F-3,,"126.12855043254,32.2138718729037"
R2019081304382085206242,32.2003656821404,126.12228457382,4554.49661335652,741.646201951265,2012/2/1 10:15:30,F-3,,"126.12228457382,32.2003656821404"
R2019081304382085206242,32.194292295760604,126.10029674821199,4684.49352038302,675.406759709775,2012/2/1 10:15:40,F-3,,"126.10029674821199,32.194292295760604"
R2019081304382085206242,32.2088790554304,126.063907623841,5075.11258757446,711.5896418046159,2012/2/1 10:15:50,F-3,,"126.063907623841,32.2088790554304"
R2019081304382085206242,32.1986060968334,126.03194615499099,5024.04107131252,722.8110023647599,2012/2/1 10:16:00,F-3,,"126.03194615499099,32.1986060968334"
R2019081304382085206242,32.1799405128001,126.02894297965,5300.46899653993,670.509540625154,2012/2/1 10:16:10,F-3,,"126.02894297965,32.1799405128001"
R2019081304382085206242,32.192369731156,126.026002464076,5353.52669556324,660.327201387997,2012/2/1 10:16:20,F-3,,"126.026002464076,32.192369731156"
R2019081304382085206242,32.1695574562676,125.999997286742,5339.74163226771,683.3177466566291,2012/2/1 10:16:30,F-3,,"125.999997286742,32.1695574562676"
R2019081304382085206242,32.161260619642896,125.99574722837299,5253.53882357177,668.048197877616,2012/2/1 10:16:40,F-3,,"125.99574722837299,32.161260619642896"
R2019081304382085206242,32.1732100898487,125.980542533625,5303.399342952021,737.23402022721,2012/2/1 10:16:50,F-3,,"125.980542533625,32.1732100898487"
R2019081304382085206242,32.145769578959104,125.941663699807,5356.33851907045,693.290016121832,2012/2/1 10:17:10,F-3,,"125.941663699807,32.145769578959104"
R2019081304382085206242,32.11945161084,125.93155934447901,4640.68978472645,661.5993022972709,2012/2/1 10:17:20,F-3,,"125.93155934447901,32.11945161084"
R2019081304382085206242,32.1233339018923,125.921039687647,4765.6250718355295,690.0540901534509,2012/2/1 10:17:30,F-3,,"125.921039687647,32.1233339018923"
R2019081304382085206242,32.1188540962969,125.885048028479,4765.67939588133,727.615478577845,2012/2/1 10:17:40,F-3,,"125.885048028479,32.1188540962969"
R2019081304382085206242,32.092298565514895,125.887517924643,5139.69646144644,747.4571200075819,2012/2/1 10:17:50,F-3,,"125.887517924643,32.092298565514895"
R2019081304382085206242,32.094961350348896,125.862790762455,4765.55609482599,690.169606329952,2012/2/1 10:18:00,F-3,,"125.862790762455,32.094961350348896"
R2019081304382085206242,32.0756272237484,125.84545215612499,4961.44040183231,671.772286492294,2012/2/1 10:18:10,F-3,,"125.84545215612499,32.0756272237484"
R2019081304382085206242,32.0735757721518,125.82082022070801,5118.422287338611,697.683894749584,2012/2/1 10:18:20,F-3,,"125.82082022070801,32.0735757721518"
R2019081304382085206242,32.082922627708605,125.815808627455,4593.97485251258,653.979219404971,2012/2/1 10:18:30,F-3,,"125.815808627455,32.082922627708605"
R2019081304382085206242,32.082666998597105,125.808978994514,4662.6372198400295,710.6715130436571,2012/2/1 10:18:40,F-3,,"125.808978994514,32.082666998597105"
R2019081304382085206242,32.076300106359604,125.802952680346,5369.724079905879,696.2429047311861,2012/2/1 10:18:50,F-3,,"125.802952680346,32.076300106359604"
R2019081304382085206242,32.067239718413894,125.771386432657,5367.24649689498,729.320369977188,2012/2/1 10:19:00,F-3,,"125.771386432657,32.067239718413894"
R2019081304382085206242,32.0607636354562,125.76839945968,5301.44275296547,735.0436928146719,2012/2/1 10:19:10,F-3,,"125.76839945968,32.0607636354562"
R2019081304382085206242,32.0551757245522,125.74663466876001,5287.51266970649,743.91004997022,2012/2/1 10:19:20,F-3,,"125.74663466876001,32.0551757245522"
R2019081304382085206242,32.041006030573804,125.72333041355,5475.1120353933,665.773249843984,2012/2/1 10:19:30,F-3,,"125.72333041355,32.041006030573804"
R2019081304382085206242,32.0181738701848,125.728607942535,5352.1651946251095,738.0596347563251,2012/2/1 10:19:40,F-3,,"125.728607942535,32.0181738701848"
R2019081304382085206242,31.9956792146036,125.714988604334,5058.13419612038,673.90588434595,2012/2/1 10:19:50,F-3,,"125.714988604334,31.9956792146036"
R2019081304382085206242,31.9929192513517,125.71292889732099,5204.50627557212,684.799878501706,2012/2/1 10:20:00,F-3,,"125.71292889732099,31.9929192513517"
R2019081304382085206242,31.991898551852497,125.706025280673,5006.506067005221,710.959245060086,2012/2/1 10:20:10,F-3,,"125.706025280673,31.991898551852497"
R2019081304382085206242,31.962154831504197,125.674940262978,4759.61650081892,673.834944108424,2012/2/1 10:20:20,F-3,,"125.674940262978,31.962154831504197"
R2019081304382085206242,31.949293240707696,125.640106585854,5290.53145916692,731.920246073008,2012/2/1 10:20:30,F-3,,"125.640106585854,31.949293240707696"
R2019081304382085206242,31.9528953772823,125.614182985383,5040.939291725371,698.731701191855,2012/2/1 10:20:40,F-3,,"125.614182985383,31.9528953772823"
R2019081304382085206242,31.9487232091977,125.614645988335,5370.28499220977,744.1038505146761,2012/2/1 10:20:50,F-3,,"125.614645988335,31.9487232091977"
R2019081304382085206242,31.9424804527633,125.60224949288401,4707.89326923336,679.230273202635,2012/2/1 10:21:00,F-3,,"125.60224949288401,31.9424804527633"
R2019081304382085206242,31.9226749633161,125.59499752353999,5427.749520599729,673.4594224130079,2012/2/1 10:21:10,F-3,,"125.59499752353999,31.9226749633161"
R2019081304382085206242,31.8986770826894,125.582825621626,4728.04143849203,715.122643143461,2012/2/1 10:21:20,F-3,,"125.582825621626,31.8986770826894"
R2019081304382085206242,31.8827349525759,125.582525018081,5197.01422923105,712.097984674432,2012/2/1 10:21:30,F-3,,"125.582525018081,31.8827349525759"
R2019081304382085206242,31.891719046715398,125.549662545646,5003.560725834021,694.852738429258,2012/2/1 10:21:40,F-3,,"125.549662545646,31.891719046715398"
R2019081304382085206242,31.903026464027,125.511646050471,4899.2028340693605,730.705949329169,2012/2/1 10:21:50,F-3,,"125.511646050471,31.903026464027"
R2019081304382085206242,31.9038548776862,125.49179960628,5100.531027000639,723.930745839109,2012/2/1 10:22:00,F-3,,"125.49179960628,31.9038548776862"
R2019081304382085206242,31.882498709123603,125.502568111787,5139.2119376171395,653.045617185089,2012/2/1 10:22:10,F-3,,"125.502568111787,31.882498709123603"
R2019081304382085206242,31.862771177084497,125.476195235713,5422.5618149724605,675.927557342652,2012/2/1 10:22:30,F-3,,"125.476195235713,31.862771177084497"
R2019081304382085206242,31.8616263865,125.464304964233,5378.98510083509,674.4024275915709,2012/2/1 10:22:40,F-3,,"125.464304964233,31.8616263865"
R2019081304382085206242,31.840034472150997,125.46031335559499,4508.01803218574,728.874200619233,2012/2/1 10:22:50,F-3,,"125.46031335559499,31.840034472150997"
R2019081304382085206242,31.8471327587626,125.45074304373199,5403.72102516877,733.5391390060719,2012/2/1 10:23:00,F-3,,"125.45074304373199,31.8471327587626"
R2019081304382085206242,31.823765891612503,125.436432210374,4655.813667995771,655.0695404433969,2012/2/1 10:23:10,F-3,,"125.436432210374,31.823765891612503"
R2019081304382085206242,31.818965687199302,125.423203551052,4672.23957095865,748.176790912718,2012/2/1 10:23:20,F-3,,"125.423203551052,31.818965687199302"
R2019081304382085206242,31.831300691487797,125.404357962962,5220.396809149721,686.472125135582,2012/2/1 10:23:30,F-3,,"125.404357962962,31.831300691487797"
R2019081304382085206242,31.8389063294379,125.39480896472601,4712.44552275745,738.449767831922,2012/2/1 10:23:40,F-3,,"125.39480896472601,31.8389063294379"
R2019081304382085206242,31.8394234679638,125.372559299931,5436.13572276017,736.0322357556,2012/2/1 10:23:50,F-3,,"125.372559299931,31.8394234679638"
R2019081304382085206242,31.833778700842398,125.348992233438,5279.24183047341,652.2438139665139,2012/2/1 10:24:00,F-3,,"125.348992233438,31.833778700842398"
R2019081304382085206242,31.8333516368712,125.34945758693998,4819.78166071688,748.773191496159,2012/2/1 10:24:10,F-3,,"125.34945758693998,31.8333516368712"
R2019081304382085206242,31.8371865374395,125.31357855894501,4777.0175236635905,660.3461905430751,2012/2/1 10:24:20,F-3,,"125.31357855894501,31.8371865374395"
R2019081304382085206242,31.8289370338971,125.282110525978,4754.87670360826,657.178470495706,2012/2/1 10:24:30,F-3,,"125.282110525978,31.8289370338971"
R2019081304382085206242,31.8362984732894,125.280773613785,4959.38619107911,656.834519704261,2012/2/1 10:24:40,F-3,,"125.280773613785,31.8362984732894"
R2019081304382085206242,31.834381435485202,125.280439685841,4671.16202515138,712.294586730327,2012/2/1 10:24:50,F-3,,"125.280439685841,31.834381435485202"
R2019081304382085206242,31.8395533894702,125.28016235589399,5208.977247452821,661.45596816738,2012/2/1 10:25:00,F-3,,"125.28016235589399,31.8395533894702"
R2019081304382085206242,31.8367842729646,125.24638555713999,5263.15423742084,670.252607865377,2012/2/1 10:25:10,F-3,,"125.24638555713999,31.8367842729646"
R2019081304382085206242,31.8170751218214,125.24511602965299,5268.24207639705,654.493959063894,2012/2/1 10:25:20,F-3,,"125.24511602965299,31.8170751218214"
R2019081304382085206242,31.8187868396972,125.246036422651,4603.4525190961795,710.7480154655631,2012/2/1 10:25:30,F-3,,"125.246036422651,31.8187868396972"
R2019081304382085206242,31.8213704865238,125.246482725059,5283.55293384919,710.544565394774,2012/2/1 10:25:40,F-3,,"125.246482725059,31.8213704865238"
R2019081304382085206242,31.8170418801609,125.229761276285,5377.413278388521,706.305194858604,2012/2/1 10:25:50,F-3,,"125.229761276285,31.8170418801609"
R2019081304382085206242,31.809312348238603,125.203962637785,4896.75830881892,731.65698898102,2012/2/1 10:26:00,F-3,,"125.203962637785,31.809312348238603"
R2019081304382085206242,31.7923939887073,125.17621621004999,4815.25967610779,689.448465797793,2012/2/1 10:26:10,F-3,,"125.17621621004999,31.7923939887073"
R2019081304382085206242,31.7766002821902,125.159522822904,4666.549174658279,680.863046753622,2012/2/1 10:26:20,F-3,,"125.159522822904,31.7766002821902"
R2019081304382085206242,31.7777597184163,125.14922980307199,5058.874353561029,680.0103120645559,2012/2/1 10:26:30,F-3,,"125.14922980307199,31.7777597184163"
R2019081304382085206242,31.7707408063647,125.119369298645,4716.263534136239,701.949334820709,2012/2/1 10:26:40,F-3,,"125.119369298645,31.7707408063647"
R2019081304382085206242,31.7684713022825,125.089114571481,5229.53364054185,683.100674782461,2012/2/1 10:26:50,F-3,,"125.089114571481,31.7684713022825"
R2019081304382085206242,31.753955947793497,125.071628573874,4714.34681965706,682.511280026525,2012/2/1 10:27:00,F-3,,"125.071628573874,31.753955947793497"
R2019081304382085206242,31.7487613984024,125.04974854247699,4950.7204338213105,714.8181281820019,2012/2/1 10:27:10,F-3,,"125.04974854247699,31.7487613984024"
R2019081304382085206242,31.7522256992762,125.03817919452801,5320.18400673763,679.222047854784,2012/2/1 10:27:20,F-3,,"125.03817919452801,31.7522256992762"
R2019081304382085206242,31.758573883983,125.028485528551,4748.40682989378,693.889647928946,2012/2/1 10:27:30,F-3,,"125.028485528551,31.758573883983"
R2019081304382085206242,31.7387445188728,125.02533155101001,4682.12878479721,650.417759502501,2012/2/1 10:27:40,F-3,,"125.02533155101001,31.7387445188728"
R2019081304382085206242,31.7494519455275,125.021041316469,4694.8042526817,710.030635567396,2012/2/1 10:27:50,F-3,,"125.021041316469,31.7494519455275"
R2019081304382085206242,31.734066059938197,125.00926806007601,4612.96278196991,716.495101743608,2012/2/1 10:28:00,F-3,,"125.00926806007601,31.734066059938197"
R2019081304382085206242,31.742717394508,124.97873674419901,5167.089566433379,659.428364787916,2012/2/1 10:28:10,F-3,,"124.97873674419901,31.742717394508"
R2019081304382085206242,31.7504206980933,124.948715108439,4663.6814848350705,734.9382686824249,2012/2/1 10:28:20,F-3,,"124.948715108439,31.7504206980933"
R2019081304382085206242,31.744402399822302,124.93042564653999,5047.654705377129,719.9309341469459,2012/2/1 10:28:30,F-3,,"124.93042564653999,31.744402399822302"
R2019081304382085206242,31.740471815293102,124.91048520903699,4547.21622590312,658.2599917930829,2012/2/1 10:28:40,F-3,,"124.91048520903699,31.740471815293102"
R2019081304382085206242,31.730179075833103,124.89049638547199,4873.867814137539,664.298401546803,2012/2/1 10:28:50,F-3,,"124.89049638547199,31.730179075833103"
R2019081304382085206242,31.705683286414104,124.879381451327,5143.24049262481,695.337702913833,2012/2/1 10:29:00,F-3,,"124.879381451327,31.705683286414104"
R2019081304382085206242,31.678625326113895,124.862673921024,4678.945366376521,667.925769657793,2012/2/1 10:29:10,F-3,,"124.862673921024,31.678625326113895"
R2019081304382085206242,31.6695245339006,124.86382948985201,4559.26744782332,727.180691285609,2012/2/1 10:29:20,F-3,,"124.86382948985201,31.6695245339006"
R2019081304382085206242,31.6542054286449,124.820840417637,5296.51374639781,655.265165029683,2012/2/1 10:29:40,F-3,,"124.820840417637,31.6542054286449"
R2019081304382085206242,31.637800803728105,124.82578457658998,5290.74094155372,711.773479153297,2012/2/1 10:29:50,F-3,,"124.82578457658998,31.637800803728105"
R2019081304382085206242,31.6109399036403,124.817491450506,4917.06508603742,722.041583374162,2012/2/1 10:30:00,F-3,,"124.817491450506,31.6109399036403"
R2019081304382085206242,31.611062152920603,124.818992157309,5236.45220405257,670.614219419944,2012/2/1 10:30:10,F-3,,"124.818992157309,31.611062152920603"
R2019081304382085206242,31.6168003074684,124.794340591392,4737.0166407139095,702.0363975092939,2012/2/1 10:30:20,F-3,,"124.794340591392,31.6168003074684"
R2019081304382085206242,31.6110818770334,124.79007424121599,4808.32827198707,652.333247010751,2012/2/1 10:30:30,F-3,,"124.79007424121599,31.6110818770334"
R2019081304382085206242,31.5990947145855,124.76157400560801,4984.2523753104,658.663348065998,2012/2/1 10:30:40,F-3,,"124.76157400560801,31.5990947145855"
R2019081304382085206242,31.566317847559098,124.75454384777201,5029.84133154612,715.686328274052,2012/2/1 10:30:50,F-3,,"124.75454384777201,31.566317847559098"
R2019081304382085206242,31.5617732524728,124.758298891446,4796.145099353111,688.8516755024209,2012/2/1 10:31:00,F-3,,"124.758298891446,31.5617732524728"
R2019081304382085206242,31.562454904956603,124.748824742748,4964.1981727742605,685.474182681867,2012/2/1 10:31:10,F-3,,"124.748824742748,31.562454904956603"
R2019081304382085206242,31.541316019221803,124.71945258144,4694.0474613542,660.4043906137371,2012/2/1 10:31:20,F-3,,"124.71945258144,31.541316019221803"
R2019081304382085206242,31.528404171946697,124.69618917172701,5109.59384432509,731.5635009582919,2012/2/1 10:31:30,F-3,,"124.69618917172701,31.528404171946697"
R2019081304382085206242,31.505389320110197,124.67479990262899,4617.38953698305,680.9406519545901,2012/2/1 10:31:40,F-3,,"124.67479990262899,31.505389320110197"
R2019081304382085206242,31.4885399331386,124.65182729993201,4869.2634191220895,673.6163458431221,2012/2/1 10:31:50,F-3,,"124.65182729993201,31.4885399331386"
R2019081304382085206242,31.467075344580604,124.66445720833599,4678.7276096543,717.630086265332,2012/2/1 10:32:00,F-3,,"124.66445720833599,31.467075344580604"
R2019081304382085206242,31.4687756328031,124.65539442742399,4860.20803701142,672.421887573983,2012/2/1 10:32:10,F-3,,"124.65539442742399,31.4687756328031"
R2019081304382085206242,31.467919342990303,124.665613572691,5259.47940291813,705.9134297333251,2012/2/1 10:32:20,F-3,,"124.665613572691,31.467919342990303"
R2019081304382085206242,31.4315100265938,124.66786102181001,4952.986675059879,739.258601930578,2012/2/1 10:32:30,F-3,,"124.66786102181001,31.4315100265938"
R2019081304382085206242,31.4080186073462,124.658116197096,4637.57439383193,677.112721804116,2012/2/1 10:32:50,F-3,,"124.658116197096,31.4080186073462"
R2019081304382085206242,31.4019146436383,124.646466529465,4910.57173135251,748.547840769658,2012/2/1 10:33:00,F-3,,"124.646466529465,31.4019146436383"
R2019081304382085206242,31.398493593961,124.65964347732701,4871.788415299629,742.531629648307,2012/2/1 10:33:10,F-3,,"124.65964347732701,31.398493593961"
R2019081304382085206242,31.383694900995803,124.653080767199,4684.73561628942,695.542697257149,2012/2/1 10:33:20,F-3,,"124.653080767199,31.383694900995803"
R2019081304382085206242,31.3621641800892,124.650373591912,4815.08097952003,704.992711662777,2012/2/1 10:33:30,F-3,,"124.650373591912,31.3621641800892"
R2019081304382085206242,31.349941102072002,124.639621241841,5155.72994791704,728.317678337133,2012/2/1 10:33:40,F-3,,"124.639621241841,31.349941102072002"
R2019081304382085206242,31.322033960137603,124.66747104735701,4663.85571293712,678.745518545036,2012/2/1 10:33:50,F-3,,"124.66747104735701,31.322033960137603"
R2019081304382085206242,31.2945172721564,124.655746455952,5333.583701324461,658.66444819079,2012/2/1 10:34:00,F-3,,"124.655746455952,31.2945172721564"
R2019081304382085206242,31.289520359856,124.646256464202,5199.93089311753,664.8562565980741,2012/2/1 10:34:10,F-3,,"124.646256464202,31.289520359856"
R2019081304382085206242,31.2829444580696,124.66976764058501,5305.29167680316,702.079760400616,2012/2/1 10:34:20,F-3,,"124.66976764058501,31.2829444580696"
R2019081304382085206242,31.254973287458895,124.676045326157,4718.9920899546705,736.2533822126,2012/2/1 10:34:30,F-3,,"124.676045326157,31.254973287458895"
R2019081304382085206242,31.2557012738903,124.67186161456499,5375.16663217692,745.604623852114,2012/2/1 10:34:40,F-3,,"124.67186161456499,31.2557012738903"
R2019081304382085206242,31.2462209472153,124.680041837512,4866.12482525693,682.974845977954,2012/2/1 10:34:50,F-3,,"124.680041837512,31.2462209472153"
R2019081304382085206242,31.2368608612885,124.686180191956,4889.47471761586,726.1460583545951,2012/2/1 10:35:00,F-3,,"124.686180191956,31.2368608612885"
R2019081304382085206242,31.2240372750467,124.714207917328,4659.26361277665,712.1843271247039,2012/2/1 10:35:10,F-3,,"124.714207917328,31.2240372750467"
R2019081304382085206242,31.2001048251934,124.72238970609502,4762.8509631673105,734.9996223510241,2012/2/1 10:35:20,F-3,,"124.72238970609502,31.2001048251934"
R2019081304382085206242,31.170070569721304,124.72412018377399,5297.0268096761,747.788510656817,2012/2/1 10:35:30,F-3,,"124.72412018377399,31.170070569721304"
R2019081304382085206242,31.157560058730198,124.745361169412,5219.92635201659,656.846309549569,2012/2/1 10:35:40,F-3,,"124.745361169412,31.157560058730198"
R2019081304382085206242,31.131166815950497,124.735894923095,5177.54234684517,671.1477849730979,2012/2/1 10:35:50,F-3,,"124.735894923095,31.131166815950497"
R2019081304382085206242,31.1324897933398,124.741872218344,4744.579026589439,728.243774072381,2012/2/1 10:36:00,F-3,,"124.741872218344,31.1324897933398"
R2019081304382085206242,31.1159327294416,124.74095266328199,4875.79486350333,663.13228863903,2012/2/1 10:36:10,F-3,,"124.74095266328199,31.1159327294416"
R2019081304382085206242,31.1113378437892,124.767492475004,4755.18258859179,720.327020934935,2012/2/1 10:36:20,F-3,,"124.767492475004,31.1113378437892"
R2019081304382085206242,31.1134658124914,124.787648737712,4857.156059405371,719.3195275353819,2012/2/1 10:36:30,F-3,,"124.787648737712,31.1134658124914"
R2019081304382085206242,31.094217517330698,124.77676107848801,4522.8130319262,703.2721650103439,2012/2/1 10:36:40,F-3,,"124.77676107848801,31.094217517330698"
R2019081304382085206242,31.0722571705735,124.798418966134,4563.08840357842,744.4300924401871,2012/2/1 10:37:00,F-3,,"124.798418966134,31.0722571705735"
R2019081304382085206242,31.0352984429252,124.80973196151501,5387.00462034298,710.5417196920799,2012/2/1 10:37:10,F-3,,"124.80973196151501,31.0352984429252"
R2019081304382085206242,31.0128909431068,124.82983943252898,5084.84335969428,710.209024306484,2012/2/1 10:37:20,F-3,,"124.82983943252898,31.0128909431068"
R2019081304382085206242,31.009162319928897,124.81778494707301,5360.50777270482,731.32805069039,2012/2/1 10:37:30,F-3,,"124.81778494707301,31.009162319928897"
R2019081304382085206242,30.9803976526119,124.80818446922301,5337.798983248789,735.4321790325611,2012/2/1 10:37:40,F-3,,"124.80818446922301,30.9803976526119"
R2019081304382085206242,30.946404886683602,124.83153200304199,5463.7470599095095,725.9624708797611,2012/2/1 10:37:50,F-3,,"124.83153200304199,30.946404886683602"
R2019081304382085206242,30.927876435980895,124.85042683874501,5049.05083475125,702.518089978266,2012/2/1 10:38:00,F-3,,"124.85042683874501,30.927876435980895"
R2019081304382085206242,30.9307629952321,124.872772826189,5015.49597527622,714.0181805770931,2012/2/1 10:38:10,F-3,,"124.872772826189,30.9307629952321"
R2019081304382085206242,30.8996660137532,124.888807791177,5219.23210598493,730.619065501084,2012/2/1 10:38:20,F-3,,"124.888807791177,30.8996660137532"
R2019081304382085206242,30.8998557222995,124.90788175518101,4659.23641070688,744.787829040917,2012/2/1 10:38:30,F-3,,"124.90788175518101,30.8998557222995"
R2019081304382085206242,30.8946872297721,124.928129046676,5029.388406560471,668.102645882453,2012/2/1 10:38:40,F-3,,"124.928129046676,30.8946872297721"
R2019081304382085206242,30.8902047443544,124.92767076436199,5446.9181624925295,660.650194115308,2012/2/1 10:38:50,F-3,,"124.92767076436199,30.8902047443544"
R2019081304382085206242,30.8846399160887,124.928601198037,5476.38090559113,714.167013701129,2012/2/1 10:39:00,F-3,,"124.928601198037,30.8846399160887"
R2019081304382085206242,30.866989157483502,124.922897385235,5266.915191787721,655.303940831359,2012/2/1 10:39:10,F-3,,"124.922897385235,30.866989157483502"
R2019081304382085206242,30.8577456942138,124.90521991700001,5428.91668059347,679.7784531627681,2012/2/1 10:39:20,F-3,,"124.90521991700001,30.8577456942138"
R2019081304382085206242,30.8535350906225,124.924486624114,4521.52920375649,663.508968434068,2012/2/1 10:39:30,F-3,,"124.924486624114,30.8535350906225"
R2019081304382085206242,30.8210756755053,124.941451526772,4549.60152090043,710.038829809073,2012/2/1 10:39:40,F-3,,"124.941451526772,30.8210756755053"
R2019081304382085206242,30.796320405076,124.956437088769,5059.61041364801,749.5792493222181,2012/2/1 10:39:50,F-3,,"124.956437088769,30.796320405076"
R2019081304382085206242,30.7610139730495,124.932878932791,5495.89615873801,719.32636432784,2012/2/1 10:40:00,F-3,,"124.932878932791,30.7610139730495"
R2019081304382085206242,30.7587419017528,124.90808622350401,4665.54729787891,732.980974941971,2012/2/1 10:40:10,F-3,,"124.90808622350401,30.7587419017528"
R2019081304382085206242,30.724175055165702,124.90713931865601,5265.47287067653,668.096309862144,2012/2/1 10:40:20,F-3,,"124.90713931865601,30.724175055165702"
R2019081304382085206242,30.705127053835202,124.935551590606,5492.78394970707,658.497273739659,2012/2/1 10:40:40,F-3,,"124.935551590606,30.705127053835202"
R2019081304382085206242,30.7002968850938,124.945440072446,4523.0889828051895,709.206861611086,2012/2/1 10:40:50,F-3,,"124.945440072446,30.7002968850938"
R2019081304382085206242,30.696137731287102,124.94118550188699,5284.173175126401,699.342899466559,2012/2/1 10:41:00,F-3,,"124.94118550188699,30.696137731287102"
R2019081304382085206242,30.6688356145571,124.935151788044,5301.19143137764,680.188837288967,2012/2/1 10:41:10,F-3,,"124.935151788044,30.6688356145571"
R2019081304382085206242,30.6549419657742,124.931667932267,5477.44283311881,746.954238646177,2012/2/1 10:41:20,F-3,,"124.931667932267,30.6549419657742"
R2019081304382085206242,30.6381116787133,124.961126384473,5138.60986178676,733.491542741419,2012/2/1 10:41:30,F-3,,"124.961126384473,30.6381116787133"
R2019081304382085206242,30.6163438492764,124.99146970920401,4747.44162021551,704.654259073853,2012/2/1 10:41:40,F-3,,"124.99146970920401,30.6163438492764"
R2019081304382085206242,30.611031611269198,125.00499536035299,4794.43729077207,720.0479693571331,2012/2/1 10:41:50,F-3,,"125.00499536035299,30.611031611269198"
R2019081304382085206242,30.600256200450897,125.01222118740101,5213.53466795456,730.6720766614529,2012/2/1 10:42:00,F-3,,"125.01222118740101,30.600256200450897"
R2019081304382085206242,30.603093909825898,125.032685883209,5185.92211123832,689.678992349505,2012/2/1 10:42:10,F-3,,"125.032685883209,30.603093909825898"
R2019081304382085206242,30.575846389235302,125.03102969834801,4915.38710818411,695.091834685342,2012/2/1 10:42:20,F-3,,"125.03102969834801,30.575846389235302"
R2019081304382085206242,30.5682293556945,125.033742428434,5407.89772519278,660.7529904277781,2012/2/1 10:42:30,F-3,,"125.033742428434,30.5682293556945"
R2019081304382085206242,30.5714494098109,125.028104931938,4659.419821649521,745.34587543241,2012/2/1 10:42:40,F-3,,"125.028104931938,30.5714494098109"
R2019081304382085206242,30.5408000636404,125.05424537969401,5383.7388338911105,674.598737445007,2012/2/1 10:42:50,F-3,,"125.05424537969401,30.5408000636404"
R2019081304382085206242,30.5180313547661,125.061356151488,4801.24867116159,650.74510821176,2012/2/1 10:43:00,F-3,,"125.061356151488,30.5180313547661"
R2019081304382085206242,30.5116499284372,125.07579067380101,5135.27615491081,675.60077185072,2012/2/1 10:43:10,F-3,,"125.07579067380101,30.5116499284372"
R2019081304382085206242,30.4814012115304,125.107911406057,5473.74147594615,664.899331617588,2012/2/1 10:43:20,F-3,,"125.107911406057,30.4814012115304"
R2019081304382085206242,30.4599485907688,125.13179660498899,4594.18261148696,663.115548255441,2012/2/1 10:43:30,F-3,,"125.13179660498899,30.4599485907688"
R2019081304382085206242,30.436309465471396,125.160935005621,4562.21293148688,729.258196837855,2012/2/1 10:43:40,F-3,,"125.160935005621,30.436309465471396"
R2019081304382085206242,30.4374572089185,125.17540885154101,5178.4117807068,714.730094496501,2012/2/1 10:43:50,F-3,,"125.17540885154101,30.4374572089185"
R2019081304382085206242,30.4217420792904,125.192736465127,5400.073516136071,701.305108960394,2012/2/1 10:44:00,F-3,,"125.192736465127,30.4217420792904"
R2019081304382085206242,30.3616700022086,125.242156609654,4895.26394214261,697.2253749366969,2012/2/1 10:44:20,F-3,,"125.242156609654,30.3616700022086"
R2019081304382085206242,30.351279620936303,125.237755804363,4710.9280350669,747.9717278377949,2012/2/1 10:44:30,F-3,,"125.237755804363,30.351279620936303"
R2019081304382085206242,30.340220010432,125.256549314834,4642.54344168238,665.180476296311,2012/2/1 10:44:40,F-3,,"125.256549314834,30.340220010432"
R2019081304382085206242,30.320391184509,125.257937121925,4933.96814467105,744.5238150630721,2012/2/1 10:44:50,F-3,,"125.257937121925,30.320391184509"
R2019081304382085206242,30.289785348997103,125.283084533235,4676.8752309386,707.7595937800411,2012/2/1 10:45:00,F-3,,"125.283084533235,30.289785348997103"
R2019081304382085206242,30.2864843934132,125.300496533155,4882.93849415283,674.891980003981,2012/2/1 10:45:10,F-3,,"125.300496533155,30.2864843934132"
R2019081304382085206242,30.274932436412602,125.32454807957701,4673.5401606064,655.3306526994941,2012/2/1 10:45:20,F-3,,"125.32454807957701,30.274932436412602"
R2019081304382085206242,30.278244600953602,125.353430779754,4943.745635656521,689.731802623594,2012/2/1 10:45:30,F-3,,"125.353430779754,30.278244600953602"
R2019081304382085206242,30.255599523698002,125.386662044668,5177.2845735202,693.6372909898109,2012/2/1 10:45:40,F-3,,"125.386662044668,30.255599523698002"
R2019081304382085206242,30.2551716787156,125.385541533401,4856.9588555754,687.050764792157,2012/2/1 10:45:50,F-3,,"125.385541533401,30.2551716787156"
R2019081304382085206242,30.2474678913496,125.407512335227,5421.599803921579,721.570153102079,2012/2/1 10:46:00,F-3,,"125.407512335227,30.2474678913496"
R2019081304382085206242,30.253809706143,125.427991879663,5204.429644488,679.537851842836,2012/2/1 10:46:10,F-3,,"125.427991879663,30.253809706143"
R2019081304382085206242,30.2336949753759,125.43546967785801,5203.64792957141,709.677878422513,2012/2/1 10:46:20,F-3,,"125.43546967785801,30.2336949753759"
R2019081304382085206242,30.218535883187,125.43450687231899,4944.23903871525,747.8264602356709,2012/2/1 10:46:30,F-3,,"125.43450687231899,30.218535883187"
R2019081304382085206242,30.1978348723174,125.44526470364599,5101.019520126761,700.1492514974201,2012/2/1 10:46:40,F-3,,"125.44526470364599,30.1978348723174"
R2019081304382085206242,30.190218063008103,125.46177128047701,4735.00446986174,740.0311364280209,2012/2/1 10:46:50,F-3,,"125.46177128047701,30.190218063008103"
R2019081304382085206242,30.1691529785429,125.48947341220101,4801.6729514588,739.1960944464411,2012/2/1 10:47:00,F-3,,"125.48947341220101,30.1691529785429"
R2019081304382085206242,30.1489832493584,125.492814269885,5012.6797950420005,663.170672307336,2012/2/1 10:47:10,F-3,,"125.492814269885,30.1489832493584"
R2019081304382085206242,30.1517631139656,125.52635656803999,5329.54533250516,719.288838174794,2012/2/1 10:47:20,F-3,,"125.52635656803999,30.1517631139656"
R2019081304382085206242,30.1476911664009,125.549658226315,4834.71006589695,723.272498032671,2012/2/1 10:47:30,F-3,,"125.549658226315,30.1476911664009"
R2019081304382085206242,30.133721496799303,125.570694003074,4761.61761826911,742.626860920632,2012/2/1 10:47:40,F-3,,"125.570694003074,30.133721496799303"
R2019081304382085206242,30.1027729256709,125.57024802227,4716.09735871483,656.037404856662,2012/2/1 10:48:00,F-3,,"125.57024802227,30.1027729256709"
R2019081304382085206242,30.103213836317895,125.56832680339899,5456.195780055689,679.510583276632,2012/2/1 10:48:10,F-3,,"125.56832680339899,30.103213836317895"
R2019081304382085206242,30.0961984660838,125.59694250405701,4819.778610169779,696.5584807314721,2012/2/1 10:48:20,F-3,,"125.59694250405701,30.0961984660838"
R2019081304382085206242,30.098539053481897,125.61662773108499,5217.12355535343,717.194718246905,2012/2/1 10:48:30,F-3,,"125.61662773108499,30.098539053481897"
R2019081304382085206242,30.0679843432498,125.644594386047,5092.09795603161,706.560129838325,2012/2/1 10:48:40,F-3,,"125.644594386047,30.0679843432498"
R2019081304382085206242,30.047006615790895,125.649250576467,5137.67063228305,713.03433261953,2012/2/1 10:48:50,F-3,,"125.649250576467,30.047006615790895"
R2019081304382085206242,30.050833304190803,125.66695010129,4618.48432063986,705.1109394315221,2012/2/1 10:49:00,F-3,,"125.66695010129,30.050833304190803"
R2019081304382085206242,30.036729600486304,125.68658585528601,5261.92671422005,697.679102303311,2012/2/1 10:49:10,F-3,,"125.68658585528601,30.036729600486304"
R2019081304382085206242,30.011827353847398,125.71378813793899,4720.483427969961,727.652920027102,2012/2/1 10:49:20,F-3,,"125.71378813793899,30.011827353847398"
R2019081304382085206242,30.0136217954857,125.709424958836,4896.685230730421,710.6489999036529,2012/2/1 10:49:30,F-3,,"125.709424958836,30.0136217954857"
R2019081304382085206242,29.990061785598503,125.72402765870198,5437.71900559669,689.755845554059,2012/2/1 10:49:40,F-3,,"125.72402765870198,29.990061785598503"
R2019081304382085206242,29.9753313656537,125.717617148423,4864.27613830393,696.827609253501,2012/2/1 10:49:50,F-3,,"125.717617148423,29.9753313656537"
R2019081304382085206242,29.959661910942696,125.744640269683,5184.50588764833,715.7435200483279,2012/2/1 10:50:00,F-3,,"125.744640269683,29.959661910942696"
R2019081304382085206242,29.9623678655621,125.777245426595,5236.48805112414,684.7100486674859,2012/2/1 10:50:10,F-3,,"125.777245426595,29.9623678655621"
R2019081304382085206242,29.9599453381625,125.776571612263,4567.50865609735,741.002046824899,2012/2/1 10:50:20,F-3,,"125.776571612263,29.9599453381625"
R2019081304382085206242,29.927910206350496,125.796256699948,5246.29130482035,684.511787041329,2012/2/1 10:50:30,F-3,,"125.796256699948,29.927910206350496"
R2019081304382085206242,29.896969915506602,125.80496812457599,5094.03583947291,673.365809546488,2012/2/1 10:50:40,F-3,,"125.80496812457599,29.896969915506602"
R2019081304382085206242,29.8720705024364,125.812907378487,5094.61532747122,711.3390388718519,2012/2/1 10:50:50,F-3,,"125.812907378487,29.8720705024364"
R2019081304382085206242,29.876451100130897,125.817346675741,5261.46907534519,661.251488472918,2012/2/1 10:51:00,F-3,,"125.817346675741,29.876451100130897"
R2019081304382085206242,29.858709653059503,125.829451260912,4905.89234484634,659.202331262269,2012/2/1 10:51:10,F-3,,"125.829451260912,29.858709653059503"
R2019081304382085206242,29.859762267414,125.83110850348801,4945.1084837527505,737.000194791239,2012/2/1 10:51:20,F-3,,"125.83110850348801,29.859762267414"
R2019081304382085206242,29.8573695361758,125.858196322697,5267.80325442916,683.004979944325,2012/2/1 10:51:30,F-3,,"125.858196322697,29.8573695361758"
R2019081304382085206242,29.8361374150491,125.89027509128401,5214.68175980946,722.1984787714661,2012/2/1 10:51:40,F-3,,"125.89027509128401,29.8361374150491"
R2019081304382085206242,29.8198067839924,125.915354752097,4797.40093522584,656.339936101036,2012/2/1 10:51:50,F-3,,"125.915354752097,29.8198067839924"
R2019081304382085206242,29.811400289586896,125.938375332658,4894.4182369832,725.2485159203641,2012/2/1 10:52:00,F-3,,"125.938375332658,29.811400289586896"
R2019081304382085206242,29.7869697910566,125.93560567738399,5363.67183731109,664.855139290381,2012/2/1 10:52:10,F-3,,"125.93560567738399,29.7869697910566"
R2019081304382085206242,29.7804041365269,125.967728259154,4934.24692444235,728.8549611712131,2012/2/1 10:52:30,F-3,,"125.967728259154,29.7804041365269"
R2019081304382085206242,29.7791231587449,125.98890037081199,5339.84023837365,734.558713428936,2012/2/1 10:52:40,F-3,,"125.98890037081199,29.7791231587449"
R2019081304382085206242,29.767937972497396,126.022571942203,5314.33651773927,689.7833124919721,2012/2/1 10:52:50,F-3,,"126.022571942203,29.767937972497396"
R2019081304382085206242,29.7385091588509,126.018026906187,5134.17168410224,729.4622377396851,2012/2/1 10:53:00,F-3,,"126.018026906187,29.7385091588509"
R2019081304382085206242,29.7378635382242,126.036131126785,5155.43546651277,697.5583710929179,2012/2/1 10:53:10,F-3,,"126.036131126785,29.7378635382242"
R2019081304382085206242,29.718184872655,126.048694135061,4976.03182144278,696.6377962132159,2012/2/1 10:53:20,F-3,,"126.048694135061,29.718184872655"
R2019081304382085206242,29.725365944761897,126.06669516878401,4884.13939410082,691.158264522049,2012/2/1 10:53:30,F-3,,"126.06669516878401,29.725365944761897"
R2019081304382085206242,29.724554177402897,126.064758600725,5180.49462869786,712.915243656801,2012/2/1 10:53:40,F-3,,"126.064758600725,29.724554177402897"
R2019081304382085206242,29.6957828194432,126.06168441578801,5270.149243422849,741.264492082998,2012/2/1 10:53:50,F-3,,"126.06168441578801,29.6957828194432"
R2019081304382085206242,29.702326849307298,126.089553419268,5423.6001129837705,683.421487516454,2012/2/1 10:54:00,F-3,,"126.089553419268,29.702326849307298"
R2019081304382085206242,29.6902404956561,126.095805766086,4794.80655085985,680.505384146471,2012/2/1 10:54:10,F-3,,"126.095805766086,29.6902404956561"
R2019081304382085206242,29.6794014345645,126.124853992557,5390.05833114034,663.311414519936,2012/2/1 10:54:20,F-3,,"126.124853992557,29.6794014345645"
R2019081304382085206242,29.660213274650197,126.13285899393601,4910.36167666799,686.9555312846579,2012/2/1 10:54:30,F-3,,"126.13285899393601,29.660213274650197"
R2019081304382085206242,29.6672290427548,126.16773024116999,4753.79362993585,651.36937308189,2012/2/1 10:54:40,F-3,,"126.16773024116999,29.6672290427548"
R2019081304382085206242,29.661200123415497,126.171646023821,5058.5767815628005,661.412774869899,2012/2/1 10:54:50,F-3,,"126.171646023821,29.661200123415497"
R2019081304382085206242,29.6366420698522,126.184648121574,5121.33213860045,720.5434467506329,2012/2/1 10:55:00,F-3,,"126.184648121574,29.6366420698522"
R2019081304382085206242,29.6309294414362,126.199723812454,5201.244548289679,704.277784914839,2012/2/1 10:55:10,F-3,,"126.199723812454,29.6309294414362"
R2019081304382085206242,29.603934138995104,126.19841553726101,4602.864600765921,661.677609436064,2012/2/1 10:55:20,F-3,,"126.19841553726101,29.603934138995104"
R2019081304382085206242,29.5966179729807,126.21660410528601,5331.9155587032,723.909410542766,2012/2/1 10:55:30,F-3,,"126.21660410528601,29.5966179729807"
R2019081304382085206242,29.602855843648502,126.242761398648,4932.284458741679,700.2283244161999,2012/2/1 10:55:40,F-3,,"126.242761398648,29.602855843648502"
R2019081304382085206242,29.5788857635781,126.270873364674,5435.28244501691,658.04212452287,2012/2/1 10:55:50,F-3,,"126.270873364674,29.5788857635781"
R2019081304382085206242,29.566776333880302,126.291191771963,4539.93041116741,724.6477059901911,2012/2/1 10:56:00,F-3,,"126.291191771963,29.566776333880302"
R2019081304382085206242,29.559918606574996,126.31388024203599,4915.20929123052,701.1782006598911,2012/2/1 10:56:10,F-3,,"126.31388024203599,29.559918606574996"
R2019081304382085206242,29.532624071942703,126.335647452332,5425.781626685421,716.83107645569,2012/2/1 10:56:20,F-3,,"126.335647452332,29.532624071942703"
R2019081304382085206242,29.520659517841395,126.365636229674,4665.5901596721205,741.082913005298,2012/2/1 10:56:30,F-3,,"126.365636229674,29.520659517841395"
R2019081304382085206242,29.510050493707,126.38773668847799,5480.91436595699,678.221218999578,2012/2/1 10:56:40,F-3,,"126.38773668847799,29.510050493707"
R2019081304382085206242,29.500078517315398,126.40188595626499,5375.689985172679,677.315000876465,2012/2/1 10:56:50,F-3,,"126.40188595626499,29.500078517315398"
R2019081304382085206242,29.4719318497999,126.405608167565,5370.830888334121,710.749540413148,2012/2/1 10:57:00,F-3,,"126.405608167565,29.4719318497999"
R2019081304382085206242,29.479771473847,126.42577854703,4946.66007368204,657.6845683193229,2012/2/1 10:57:10,F-3,,"126.42577854703,29.479771473847"
R2019081304382085206242,29.483119992396396,126.454511376926,4647.62544080039,682.388481419714,2012/2/1 10:57:20,F-3,,"126.454511376926,29.483119992396396"
R2019081304382085206242,29.4833904434919,126.464541932867,5244.04964863511,707.6501617476579,2012/2/1 10:57:30,F-3,,"126.464541932867,29.4833904434919"
R2019081304382085206242,29.4531611431563,126.460360463515,4562.29150624121,741.483108555657,2012/2/1 10:57:40,F-3,,"126.460360463515,29.4531611431563"
R2019081304382085206242,29.454720137212,126.451332835193,4852.57756679905,726.5562693944929,2012/2/1 10:57:50,F-3,,"126.451332835193,29.454720137212"
R2019081304382085206242,29.453135926945098,126.44635357104099,5375.021681597,713.609202142623,2012/2/1 10:58:00,F-3,,"126.44635357104099,29.453135926945098"
R2019081304382085206242,29.447349341840802,126.46111082428001,5134.8545093251705,729.747987622278,2012/2/1 10:58:10,F-3,,"126.46111082428001,29.447349341840802"
R2019081304382085206242,29.4337533724155,126.485038427302,5048.12077551527,696.416905637093,2012/2/1 10:58:20,F-3,,"126.485038427302,29.4337533724155"
R2019081304382085206242,29.4231310407042,126.492711800305,4756.45433285109,702.9100360129539,2012/2/1 10:58:40,F-3,,"126.492711800305,29.4231310407042"
R2019081304382085206242,29.4251346304748,126.489973362696,5045.29444013969,704.520389789026,2012/2/1 10:58:50,F-3,,"126.489973362696,29.4251346304748"
R2019081304382085206242,29.3967152244741,126.508743757438,4860.88381957304,722.426811639418,2012/2/1 10:59:00,F-3,,"126.508743757438,29.3967152244741"
R2019081304382085206242,29.397976841571197,126.505888093933,4537.27972136684,694.886313260014,2012/2/1 10:59:10,F-3,,"126.505888093933,29.397976841571197"
R2019081304382085206242,29.403842787772998,126.535153133722,4682.7983274975795,744.164710815141,2012/2/1 10:59:20,F-3,,"126.535153133722,29.403842787772998"
R2019081304382085206242,29.388991782466,126.55825901205,4673.63443699369,686.67103100413,2012/2/1 10:59:30,F-3,,"126.55825901205,29.388991782466"
R2019081304382085206242,29.357352614667,126.58628908446899,5082.329710285329,722.835665276663,2012/2/1 10:59:40,F-3,,"126.58628908446899,29.357352614667"
R2019081304382085206242,29.3623195865589,126.5875142635,4751.5934734845505,687.9637688575141,2012/2/1 10:59:50,F-3,,"126.5875142635,29.3623195865589"
R2019081304382085206242,29.3310620401931,126.606363547107,5025.42885091409,675.218543608309,2012/2/1 11:00:00,F-3,,"126.606363547107,29.3310620401931"
R2019081304382085206242,29.309173064234802,126.628677967765,5402.06339019447,660.328523679789,2012/2/1 11:00:10,F-3,,"126.628677967765,29.309173064234802"
R2019081304382085206242,29.2999211410365,126.65602009325701,5443.89465634892,659.730702782856,2012/2/1 11:00:20,F-3,,"126.65602009325701,29.2999211410365"
R2019081304382085206242,29.2937226964031,126.672937894179,4848.0475681592,684.630203263196,2012/2/1 11:00:30,F-3,,"126.672937894179,29.2937226964031"
R2019081304382085206242,29.2908815343439,126.688679140477,5296.92080886891,687.156946089657,2012/2/1 11:00:40,F-3,,"126.688679140477,29.2908815343439"
R2019081304382085206242,29.288435537218398,126.703311514723,4959.204609719671,664.193840610885,2012/2/1 11:00:50,F-3,,"126.703311514723,29.288435537218398"
R2019081304382085206242,29.2694022145616,126.697763901371,5321.36297683295,669.726965911559,2012/2/1 11:01:00,F-3,,"126.697763901371,29.2694022145616"
R2019081304382085206242,29.265893828519303,126.72234693713301,5008.09619971928,691.6218257237331,2012/2/1 11:01:10,F-3,,"126.72234693713301,29.265893828519303"
R2019081304382085206242,29.2413164052282,126.731152341743,4911.468386376029,696.464691984684,2012/2/1 11:01:20,F-3,,"126.731152341743,29.2413164052282"
R2019081304382085206242,29.2093518905668,126.73408943266399,5186.26393828833,728.4461996417709,2012/2/1 11:01:30,F-3,,"126.73408943266399,29.2093518905668"
R2019081304382085206242,29.1937022542903,126.747580813634,5103.868321331161,653.159012041594,2012/2/1 11:01:40,F-3,,"126.747580813634,29.1937022542903"
R2019081304382085206242,29.165947202272395,126.77408552691999,5409.2379919762,695.5264627214179,2012/2/1 11:01:50,F-3,,"126.77408552691999,29.165947202272395"
R2019081304382085206242,29.146587908889497,126.80391146344499,4804.59753391547,714.408062707823,2012/2/1 11:02:00,F-3,,"126.80391146344499,29.146587908889497"
R2019081304382085206242,29.121774440458303,126.81543096402001,5332.254146147639,677.594405099561,2012/2/1 11:02:10,F-3,,"126.81543096402001,29.121774440458303"
R2019081304382085206242,29.1102916648743,126.841545935804,5000.45477156549,733.820583291268,2012/2/1 11:02:20,F-3,,"126.841545935804,29.1102916648743"
R2019081304382085206242,29.105132566089896,126.846131204372,4834.08762111053,746.0101074520551,2012/2/1 11:02:30,F-3,,"126.846131204372,29.105132566089896"
R2019081304382085206242,29.1013773656564,126.857475176148,4652.77109162545,695.567446782052,2012/2/1 11:02:40,F-3,,"126.857475176148,29.1013773656564"
R2019081304382085206242,29.075779142336,126.871431371269,4784.52884000006,709.340133778444,2012/2/1 11:02:50,F-3,,"126.871431371269,29.075779142336"
R2019081304382085206242,29.0672351244162,126.888647452342,5114.09571888582,700.6980265261129,2012/2/1 11:03:00,F-3,,"126.888647452342,29.0672351244162"
R2019081304382085206242,29.039394225991803,126.879426857505,4947.05086361945,666.004938593137,2012/2/1 11:03:10,F-3,,"126.879426857505,29.039394225991803"
R2019081304382085206242,29.025393608987198,126.871400158678,4666.661245360349,745.220785027007,2012/2/1 11:03:20,F-3,,"126.871400158678,29.025393608987198"
R2019081304382085206242,29.009023633762396,126.90410468401501,5215.057995968989,703.113534885046,2012/2/1 11:03:30,F-3,,"126.90410468401501,29.009023633762396"
R2019081304382085206242,28.973861242788402,126.89891433768601,5046.87840563565,662.117700610365,2012/2/1 11:03:40,F-3,,"126.89891433768601,28.973861242788402"
R2019081304382085206242,28.9671365583632,126.902264101257,5274.54984503544,699.130953545277,2012/2/1 11:03:50,F-3,,"126.902264101257,28.9671365583632"
R2019081304382085206242,28.958178145019303,126.912431564313,4700.26875529451,749.141521099555,2012/2/1 11:04:00,F-3,,"126.912431564313,28.958178145019303"
R2019081304382085206242,28.9438744317983,126.921894020532,5292.017676305029,672.411011402687,2012/2/1 11:04:10,F-3,,"126.921894020532,28.9438744317983"
R2019081304382085206242,28.9388110455832,126.919530063361,4744.81019202844,701.305021090109,2012/2/1 11:04:20,F-3,,"126.919530063361,28.9388110455832"
R2019081304382085206242,28.9601454273631,126.91184457505899,4604.91734887702,678.901322246018,2012/2/1 11:04:30,F-3,,"126.91184457505899,28.9601454273631"
R2019081304382085206242,28.943479617642197,126.918794318884,4814.71618046738,737.834334181544,2012/2/1 11:04:40,F-3,,"126.918794318884,28.943479617642197"
R2019081304382085206242,28.9397205280411,126.941179279862,4992.2563664113395,746.0101859625481,2012/2/1 11:04:50,F-3,,"126.941179279862,28.9397205280411"
R2019081304382085206242,28.9495141522475,126.960332737969,5397.3720869502795,725.193909497556,2012/2/1 11:05:10,F-3,,"126.960332737969,28.9495141522475"
R2019081304382085206242,28.9434150406634,126.99327890464501,5010.31267433907,723.911767254543,2012/2/1 11:05:20,F-3,,"126.99327890464501,28.9434150406634"
R2019081304382085206242,28.9470997041926,126.994452951307,4896.21622413221,737.6366814075211,2012/2/1 11:05:30,F-3,,"126.994452951307,28.9470997041926"
R2019081304382085206242,28.9235541093756,127.011706154321,5246.965219148879,688.639218657575,2012/2/1 11:05:40,F-3,,"127.011706154321,28.9235541093756"
R2019081304382085206242,28.920015790300003,127.0163338626,4510.56964835644,717.669903052817,2012/2/1 11:05:50,F-3,,"127.0163338626,28.920015790300003"
R2019081304382085206242,28.896393677812,127.01990920629,4585.54001203065,723.185374761552,2012/2/1 11:06:00,F-3,,"127.01990920629,28.896393677812"
R2019081304382085206242,28.880547355802197,127.033999395521,5148.69395720246,671.510880031395,2012/2/1 11:06:10,F-3,,"127.033999395521,28.880547355802197"
R2019081304382085206242,28.8837288177561,127.054771542128,4934.24209227517,689.1641135509891,2012/2/1 11:06:20,F-3,,"127.054771542128,28.8837288177561"
R2019081304382085206242,28.873488076545602,127.07742624988998,4943.94449491238,686.803066747637,2012/2/1 11:06:30,F-3,,"127.07742624988998,28.873488076545602"
R2019081304382085206242,28.8754381833889,127.110625288036,4909.98167470562,706.3885635493269,2012/2/1 11:06:40,F-3,,"127.110625288036,28.8754381833889"
R2019081304382085206242,28.8547558303436,127.126407076775,5319.90540205497,713.8534321747039,2012/2/1 11:06:50,F-3,,"127.126407076775,28.8547558303436"
R2019081304382085206242,28.8407906279919,127.12681276809401,5212.34799302758,724.1369446619119,2012/2/1 11:07:00,F-3,,"127.12681276809401,28.8407906279919"
R2019081304382085206242,28.8165009527425,127.15565085513501,4870.45700120295,715.3577660514779,2012/2/1 11:07:10,F-3,,"127.15565085513501,28.8165009527425"
R2019081304382085206242,28.8055453931406,127.186055466402,4508.51891749004,672.767285687275,2012/2/1 11:07:20,F-3,,"127.186055466402,28.8055453931406"
R2019081304382085206242,28.8010187254295,127.213078365169,4663.86881711142,745.215009430058,2012/2/1 11:07:30,F-3,,"127.213078365169,28.8010187254295"
R2019081304382085206242,28.8034714912993,127.242940592609,4885.83737583171,673.27545356158,2012/2/1 11:07:40,F-3,,"127.242940592609,28.8034714912993"
R2019081304382085206242,28.7974752404464,127.256418558137,4696.0333586652005,682.18720729099,2012/2/1 11:07:50,F-3,,"127.256418558137,28.7974752404464"
R2019081304382085206242,28.7794827761243,127.26173957327299,4696.47970106289,689.5203398258991,2012/2/1 11:08:00,F-3,,"127.26173957327299,28.7794827761243"
R2019081304382085206242,28.776097445900696,127.26963780525298,4880.52103872435,717.9293142482311,2012/2/1 11:08:10,F-3,,"127.26963780525298,28.776097445900696"
R2019081304382085206242,28.789795169282304,127.290939921061,5195.54281546527,749.7573666273421,2012/2/1 11:08:20,F-3,,"127.290939921061,28.789795169282304"
R2019081304382085206242,28.792767134141197,127.309949817647,5126.09038717397,705.536671800323,2012/2/1 11:08:30,F-3,,"127.309949817647,28.792767134141197"
R2019081304382085206242,28.8026416775939,127.34342193786301,4592.818326825661,697.466550463562,2012/2/1 11:08:40,F-3,,"127.34342193786301,28.8026416775939"
R2019081304382085206242,28.802246687470998,127.34957438830799,5458.59070446277,685.553207078741,2012/2/1 11:08:50,F-3,,"127.34957438830799,28.802246687470998"
R2019081304382085206242,28.7779217359684,127.350750551793,5465.32884378234,695.754430184958,2012/2/1 11:09:00,F-3,,"127.350750551793,28.7779217359684"
R2019081304382085206242,28.7746740824457,127.368129400009,5313.3972975487795,653.119315580986,2012/2/1 11:09:10,F-3,,"127.368129400009,28.7746740824457"
R2019081304382085206242,28.766158692795702,127.36775935267,5427.38765940414,707.1629055576229,2012/2/1 11:09:20,F-3,,"127.36775935267,28.766158692795702"
R2019081304382085206242,28.7380583876725,127.393749213866,5334.25202911452,703.721172015053,2012/2/1 11:09:30,F-3,,"127.393749213866,28.7380583876725"
R2019081304382085206242,28.747319324278397,127.41671072726001,5190.44839110712,719.578168573593,2012/2/1 11:09:40,F-3,,"127.41671072726001,28.747319324278397"
R2019081304382085206242,28.730548614647002,127.43486489397199,4559.89671920421,722.070243801954,2012/2/1 11:10:00,F-3,,"127.43486489397199,28.730548614647002"
R2019081304382085206242,28.741814349952396,127.44715672613998,4979.232360832039,653.224482249108,2012/2/1 11:10:10,F-3,,"127.44715672613998,28.741814349952396"
R2019081304382085206242,28.7368489449471,127.476744797705,4576.100277749871,724.196942045445,2012/2/1 11:10:20,F-3,,"127.476744797705,28.7368489449471"
R2019081304382085206242,28.740974015419102,127.489228733891,5428.40942131747,704.727784523148,2012/2/1 11:10:30,F-3,,"127.489228733891,28.740974015419102"
R2019081304382085206242,28.7470300552374,127.497198536506,4698.21076244033,702.128004167289,2012/2/1 11:10:40,F-3,,"127.497198536506,28.7470300552374"
R2019081304382085206242,28.7531895213207,127.508134377001,4856.40720480886,726.7095910742461,2012/2/1 11:10:50,F-3,,"127.508134377001,28.7531895213207"
R2019081304382085206242,28.739426942427396,127.512581610973,5108.49284362443,725.316727522442,2012/2/1 11:11:00,F-3,,"127.512581610973,28.739426942427396"
R2019081304382085206242,28.714846058463397,127.52995979805901,5003.534402001429,701.173233637201,2012/2/1 11:11:10,F-3,,"127.52995979805901,28.714846058463397"
R2019081304382085206242,28.7058979071005,127.56059804531601,5002.52802134609,655.797935931849,2012/2/1 11:11:20,F-3,,"127.56059804531601,28.7058979071005"
R2019081304382085206242,28.7123567445127,127.560509846517,5377.10523087397,711.968140798606,2012/2/1 11:11:30,F-3,,"127.560509846517,28.7123567445127"
R2019081304382085206242,28.689285715123702,127.575695756269,5436.7686132605995,687.397565011586,2012/2/1 11:11:40,F-3,,"127.575695756269,28.689285715123702"
R2019081304382085206242,28.6836376976675,127.597283672884,5316.18452156716,702.2491675579221,2012/2/1 11:11:50,F-3,,"127.597283672884,28.6836376976675"
R2019081304382085206242,28.665167657922396,127.615252954859,4656.88444401924,717.5837617682221,2012/2/1 11:12:00,F-3,,"127.615252954859,28.665167657922396"
R2019081304382085206242,28.678426397748606,127.63246030638001,5428.2836559826,663.347657683002,2012/2/1 11:12:10,F-3,,"127.63246030638001,28.678426397748606"
R2019081304382085206242,28.6762115528155,127.64020414319799,4960.27999485856,654.374344323005,2012/2/1 11:12:20,F-3,,"127.64020414319799,28.6762115528155"
R2019081304382085206242,28.673443563495496,127.66885175147101,4888.52210640373,651.875202032679,2012/2/1 11:12:30,F-3,,"127.66885175147101,28.673443563495496"
R2019081304382085206242,28.646954512412897,127.68542886776501,4784.46422949641,738.999067986849,2012/2/1 11:12:40,F-3,,"127.68542886776501,28.646954512412897"
R2019081304382085206242,28.6414875696764,127.686404690219,4689.02070130642,731.6398661963831,2012/2/1 11:12:50,F-3,,"127.686404690219,28.6414875696764"
R2019081304382085206242,28.628475959873,127.72336544685601,5413.68841888089,719.554781480485,2012/2/1 11:13:00,F-3,,"127.72336544685601,28.628475959873"
R2019081304382085206242,28.6249257937674,127.74627751988399,4512.04527030329,740.109491529925,2012/2/1 11:13:10,F-3,,"127.74627751988399,28.6249257937674"
R2019081304382085206242,28.608694062585503,127.74860750056999,4919.85607027069,719.1397752003461,2012/2/1 11:13:20,F-3,,"127.74860750056999,28.608694062585503"
R2019081304382085206242,28.6172389310069,127.77999817651501,5173.68831842844,741.36956552573,2012/2/1 11:13:30,F-3,,"127.77999817651501,28.6172389310069"
R2019081304382085206242,28.6288638793598,127.819017323079,4524.39298947546,663.396956917549,2012/2/1 11:13:40,F-3,,"127.819017323079,28.6288638793598"
R2019081304382085206242,28.6349128257898,127.834915721319,5161.99943360966,689.1373388185809,2012/2/1 11:13:50,F-3,,"127.834915721319,28.6349128257898"
R2019081304382085206242,28.6456271869351,127.86852192848801,5388.12455157196,744.4455875523599,2012/2/1 11:14:00,F-3,,"127.86852192848801,28.6456271869351"
R2019081304382085206242,28.6197215378543,127.902600809934,5017.81304251301,663.005502434916,2012/2/1 11:14:10,F-3,,"127.902600809934,28.6197215378543"
R2019081304382085206242,28.610322363605,127.90674764116999,5289.22374722977,650.670675002351,2012/2/1 11:14:20,F-3,,"127.90674764116999,28.610322363605"
R2019081304382085206242,28.5905388797661,127.91125847094601,4710.974501078471,697.01346095978,2012/2/1 11:14:30,F-3,,"127.91125847094601,28.5905388797661"
R2019081304382085206242,28.5919878079282,127.91538339008801,4882.44083867522,664.271034353539,2012/2/1 11:14:40,F-3,,"127.91538339008801,28.5919878079282"
R2019081304382085206242,28.584008869043004,127.95052133028,5421.198504474571,717.115482532939,2012/2/1 11:14:50,F-3,,"127.95052133028,28.584008869043004"
R2019081304382085206242,28.575563406939,127.97803919646601,5031.46153899443,673.90954816896,2012/2/1 11:15:00,F-3,,"127.97803919646601,28.575563406939"
R2019081304382085206242,28.562790243344498,127.977619322551,5003.83314327515,730.32732004315,2012/2/1 11:15:10,F-3,,"127.977619322551,28.562790243344498"
R2019081304382085206242,28.555118823302603,128.003205975042,5256.86132617149,689.588261274429,2012/2/1 11:15:20,F-3,,"128.003205975042,28.555118823302603"
R2019081304382085206242,28.5306723350719,128.019791564404,5312.69794181581,684.474582194572,2012/2/1 11:15:30,F-3,,"128.019791564404,28.5306723350719"
R2019081304382085206242,28.518965235257202,128.02765919771798,4939.81003455809,668.0398887107331,2012/2/1 11:15:40,F-3,,"128.02765919771798,28.518965235257202"
R2019081304382085206242,28.496841585405697,128.032131222433,5219.0863535362705,706.2015036848379,2012/2/1 11:15:50,F-3,,"128.032131222433,28.496841585405697"
R2019081304382085206242,28.474024510857898,128.048336816061,5050.07296733096,670.885651987458,2012/2/1 11:16:00,F-3,,"128.048336816061,28.474024510857898"
R2019081304382085206242,28.4682886872793,128.07483834429502,4533.990345911121,697.524521102907,2012/2/1 11:16:10,F-3,,"128.07483834429502,28.4682886872793"
R2019081304382085206242,28.4736872669306,128.106728000453,4619.90427836771,746.630146632264,2012/2/1 11:16:20,F-3,,"128.106728000453,28.4736872669306"
R2019081304382085206242,28.4944790529099,128.133055785492,5192.05084149356,688.5849017363901,2012/2/1 11:16:30,F-3,,"128.133055785492,28.4944790529099"
R2019081304382085206242,28.474217955125898,128.15635953408,4773.17803365792,729.9285447131509,2012/2/1 11:16:50,F-3,,"128.15635953408,28.474217955125898"
R2019081304382085206242,28.454236555733498,128.193989386437,4832.92070419198,658.418684689523,2012/2/1 11:17:00,F-3,,"128.193989386437,28.454236555733498"
R2019081304382085206242,28.443741865815802,128.217437820604,4844.35464644076,734.5809645413331,2012/2/1 11:17:10,F-3,,"128.217437820604,28.443741865815802"
R2019081304382085206242,28.417041981756395,128.222063970406,4625.673859438711,681.0755476034599,2012/2/1 11:17:20,F-3,,"128.222063970406,28.417041981756395"
R2019081304382085206242,28.4032369102205,128.24730324816798,5131.0967666241795,656.0494608739621,2012/2/1 11:17:30,F-3,,"128.24730324816798,28.4032369102205"
R2019081304382085206242,28.399022942905898,128.252866457769,4585.72736619307,736.996419535482,2012/2/1 11:17:40,F-3,,"128.252866457769,28.399022942905898"
R2019081304382085206242,28.375024834300298,128.263178794379,5197.52192436602,728.596648983004,2012/2/1 11:17:50,F-3,,"128.263178794379,28.375024834300298"
R2019081304382085206242,28.378653407582604,128.265711616877,5170.19221869772,670.206717737115,2012/2/1 11:18:00,F-3,,"128.265711616877,28.378653407582604"
R2019081304382085206242,28.357545517136803,128.286886438247,4629.18938935231,713.338076213067,2012/2/1 11:18:10,F-3,,"128.286886438247,28.357545517136803"
R2019081304382085206242,28.358271477425,128.294076841537,4512.52168370994,654.149437092314,2012/2/1 11:18:20,F-3,,"128.294076841537,28.358271477425"
R2019081304382085206242,28.3626198342282,128.323569772058,4760.04424237648,723.278302407487,2012/2/1 11:18:30,F-3,,"128.323569772058,28.3626198342282"
R2019081304382085206242,28.339562729459995,128.323879952198,5079.65098488128,666.818868050733,2012/2/1 11:18:40,F-3,,"128.323879952198,28.339562729459995"
R2019081304382085206242,28.351635407743203,128.339400203498,4617.70975734932,749.8459480702161,2012/2/1 11:18:50,F-3,,"128.339400203498,28.351635407743203"
R2019081304382085206242,28.331264315961104,128.363254292855,4564.36989878508,664.828772104731,2012/2/1 11:19:00,F-3,,"128.363254292855,28.331264315961104"
R2019081304382085206242,28.311024086474198,128.37858418603,4550.60556673007,714.056325733688,2012/2/1 11:19:10,F-3,,"128.37858418603,28.311024086474198"
R2019081304382085206242,28.2948356688796,128.401879356364,4547.79497489696,743.1305219387309,2012/2/1 11:19:20,F-3,,"128.401879356364,28.2948356688796"
R2019081304382085206242,28.290418430064896,128.4257483451,5391.70137554952,735.744251164489,2012/2/1 11:19:30,F-3,,"128.4257483451,28.290418430064896"
R2019081304382085206242,28.283320419552304,128.448205955283,5403.8952691033,702.592224745356,2012/2/1 11:19:40,F-3,,"128.448205955283,28.283320419552304"
R2019081304382085206242,28.271639795356396,128.485614856338,5141.08229458382,712.2416192489869,2012/2/1 11:19:50,F-3,,"128.485614856338,28.271639795356396"
R2019081304382085206242,28.286880038029498,128.498589778067,5201.51148396615,701.5671004781351,2012/2/1 11:20:00,F-3,,"128.498589778067,28.286880038029498"
