0.0,32.5028829392807,128.539677475335
0.0011668611435239206,32.5066028211687,128.524687893382
0.002333722287047841,32.511831120001105,128.491755211038
0.003500583430571762,32.4960007762712,128.454330459909
0.004667444574095682,32.5122577214592,128.450483285707
0.005834305717619603,32.518171342309195,128.441486312018
0.007001166861143524,32.503432412805,128.40837852354701
0.008168028004667444,32.4892792721092,128.384102884143
0.009334889148191364,32.4992359587124,128.362926440247
0.010501750291715286,32.497585671392606,128.326684047421
0.011668611435239206,32.513618684551396,128.317252017805
0.012835472578763127,32.5241265993014,128.300424451519
0.014002333722287048,32.5137103975459,128.261842492488
0.015169194865810968,32.506996466267196,128.222875843042
0.01633605600933489,32.498322696479,128.222139470996
0.01750291715285881,32.4941357759113,128.1891838
0.01866977829638273,32.485445737911704,128.164532851207
0.019836639439906652,32.486705228968,128.138898743695
0.021003500583430573,32.5117388174584,128.128525013156
0.022170361726954493,32.5135439372449,128.09142472391198
0.023337222870478413,32.5132556897071,128.07179756218
0.024504084014002333,32.4937251926158,128.039800982256
0.025670945157526253,32.4767065745045,128.03157633944
0.026837806301050177,32.457171176364696,128.018333525716
0.028004667444574097,32.4727076290142,127.98261488040501
0.029171528588098017,32.4825893523478,127.974254740088
0.030338389731621937,32.486741049503195,127.96100434433201
0.03150525087514586,32.497084415730804,127.951045354366
0.03267211201866978,32.4843974093834,127.934208981581
0.0338389731621937,32.486171524281396,127.897285721783
0.03500583430571762,32.4835026649046,127.886413245998
0.03617269544924154,32.4978624258358,127.86862307700599
0.03733955659276546,32.4820416876867,127.846203680525
0.038506417736289385,32.4919253452396,127.81104000946699
0.039673278879813305,32.4887977275077,127.804708961984
0.040840140023337225,32.4771231098319,127.79689929653999
0.042007001166861145,32.4695941492944,127.763549589372
0.043173862310385065,32.484737565152194,127.73180837628999
0.044340723453908985,32.4665565955584,127.725414175689
0.045507584597432905,32.4508995183177,127.69858229356899
0.046674445740956826,32.4297342901608,127.668848603662
0.047841306884480746,32.4433643549798,127.63650731320699
0.049008168028004666,32.4336061437854,127.606225090555
0.050175029171528586,32.4219320307072,127.56479932900601
0.051341890315052506,32.4237063266037,127.53077447979601
0.052508751458576426,32.4258320919598,127.51906798644899
0.05367561260210035,32.4178635166103,127.504946714665
0.05484247374562427,32.4253936364291,127.47085397605301
0.056009334889148193,32.4063702831577,127.441899285072
0.057176196032672114,32.4092798653083,127.41991420266301
0.058343057176196034,32.3969474953405,127.3825626492
0.059509918319719954,32.391684208422106,127.368142042556
0.060676779463243874,32.3934644455927,127.34961122792
0.061843640606767794,32.4036937301819,127.34441562897301
0.06301050175029171,32.3932778135399,127.315379290458
0.06417736289381563,32.3812616608408,127.275747303314
0.06534422403733955,32.3897628810708,127.23864568426701
0.06651108518086347,32.3704292909838,127.225830693806
0.0676779463243874,32.3746069450377,127.21364118829399
0.06884480746791131,32.3834437396155,127.197895335611
0.07001166861143523,32.396578024103,127.185014546147
0.07117852975495916,32.386710985415,127.157207535451
0.07234539089848308,32.3849604589743,127.120496708927
0.073512252042007,32.3874262085265,127.084156606721
0.07467911318553092,32.372448169318105,127.048836911525
0.07584597432905485,32.35576401329789,127.021407585863
0.07701283547257877,32.3386607679541,126.99032187582199
0.07817969661610269,32.335866293898604,126.96444677852399
0.07934655775962661,32.3124580674155,126.937476150154
0.08051341890315053,32.2953457566503,126.90277359796801
0.08168028004667445,32.2860063129156,126.89903020257401
0.08284714119019837,32.2763167936926,126.87670819088699
0.08401400233372229,32.256171344205605,126.83998102003001
0.08518086347724621,32.2731245575785,126.83687544015699
0.08634772462077013,32.2667154855894,126.81529493550501
0.08751458576429405,32.2526091573498,126.777864119137
0.08868144690781797,32.2531136862169,126.745332865025
0.08984830805134189,32.2651953958504,126.740744441847
0.09101516919486581,32.2784168990804,126.70282897179199
0.09218203033838973,32.289288819039605,126.674107191031
0.09334889148191365,32.2734566339959,126.641998253233
0.09451575262543757,32.2846721665341,126.62453317685
0.09568261376896149,32.2820811064925,126.596645733276
0.09684947491248541,32.2525195616912,126.581349286761
0.09801633605600933,32.2483901451561,126.54467732789699
0.09918319719953325,32.2278934889763,126.53149731526301
0.10035005834305717,32.2207299613313,126.514392149521
0.10151691948658109,32.2213444886865,126.51116453228
0.10268378063010501,32.2150596060096,126.48735245322099
0.10385064177362893,32.20041341816,126.457418926033
0.10501750291715285,32.2127341119482,126.440989865592
0.10618436406067679,32.2143030710808,126.410893463335
0.1073512252042007,32.2046499999533,126.37603005340598
0.10851808634772463,32.1885684550155,126.34291305161999
0.10968494749124855,32.1867924956254,126.319950029118
0.11085180863477247,32.1872826795688,126.28762018793002
0.11201866977829639,32.1973298485508,126.28589604147301
0.11318553092182031,32.211445634686605,126.247872584035
0.11435239206534423,32.2150141394981,126.221881575914
0.11551925320886815,32.2097231420053,126.18643516173901
0.11668611435239207,32.2214855375432,126.149956000219
0.11785297549591599,32.2287491502412,126.114315893801
0.11901983663943991,32.2221092832483,126.104233011858
0.12018669778296383,32.2203687354028,126.07870437714199
0.12135355892648775,32.2094756306714,126.05360556332899
0.12252042007001167,32.1903098202651,126.050305835436
0.12368728121353559,32.192516689537,126.039997392423
0.12485414235705951,32.1898949490187,126.005705079079
0.12602100350058343,32.1584483408427,125.98126885634599
0.12718786464410736,32.1408151854926,125.94290099488501
0.12835472578763127,32.1459746099477,125.924595678055
0.1295215869311552,32.1387208266847,125.91429625743
0.1306884480746791,32.1157596258884,125.908493440903
0.13185530921820304,32.0937180678356,125.889189063589
0.13302217036172695,32.088290990117194,125.85689925040899
0.13418903150525088,32.0901975373597,125.84773110639401
0.1353558926487748,32.07210740051,125.809583478383
0.13652275379229872,32.0685400546775,125.78147220523199
0.13768961493582263,32.06675833956189,125.77020631769399
0.13885647607934656,32.0651326897503,125.756591678025
0.14002333722287047,32.0756088943287,125.730172950842
0.1411901983663944,32.064930482037695,125.695267849737
0.1423570595099183,32.0651397501184,125.66047663338699
0.14352392065344224,32.0841270685392,125.650183866591
0.14469078179696615,32.0932591514453,125.614541961601
0.14585764294049008,32.0800233071034,125.603445696245
0.147024504084014,32.0611368208842,125.573355504934
0.14819136522753792,32.060103802222,125.544039934883
0.14935822637106183,32.0526816135399,125.50389275021999
0.15052508751458576,32.0527132463725,125.474797149996
0.1516919486581097,32.0504062729307,125.456333136827
0.1528588098016336,32.0258801049523,125.452939945687
0.15402567094515754,32.010786601925,125.414789463788
0.15519253208868145,32.0178845766242,125.386986701194
0.15635939323220538,32.0049008377362,125.380516177624
0.15752625437572929,32.0193448171781,125.36452218161699
0.15869311551925322,32.001738897630304,125.36341234946
0.15985997666277713,32.0105862299823,125.35154134226002
0.16102683780630106,32.0043044234195,125.312325222373
0.16219369894982497,32.0099285791835,125.3131212622
0.1633605600933489,31.989648436809397,125.309536272268
0.1645274212368728,31.987439267379198,125.27919890895201
0.16569428238039674,31.981219467927104,125.275910789316
0.16686114352392065,31.9966679367358,125.272503962592
0.16802800466744458,31.989178096182602,125.25308347942301
0.1691948658109685,31.9836974121702,125.22887563123501
0.17036172695449242,31.980946567203898,125.221793717541
0.17152858809801633,31.9673015965732,125.21475310031
0.17269544924154026,31.952359135994,125.17999914602301
0.17386231038506417,31.968153072347498,125.16301306373998
0.1750291715285881,31.942862112393303,125.16260501885
0.176196032672112,31.9600778337118,125.14107144224899
0.17736289381563594,31.9510383628102,125.130083545425
0.17852975495915985,31.939535859478102,125.102917451131
0.17969661610268378,31.923206054184398,125.087097355349
0.1808634772462077,31.916277963194105,125.05674530483101
0.18203033838973162,31.9128333952852,125.044518005098
0.18319719953325556,31.927323592336197,125.049909258627
0.18436406067677946,31.9231561584977,125.049494459759
0.1855309218203034,31.889829122618103,125.03007730442499
0.1866977829638273,31.8759650557948,125.034847313057
0.18786464410735124,31.865405067203803,125.016947452594
0.18903150525087514,31.8647744253728,125.01604217976002
0.19019836639439908,31.829956334060196,125.00936838182301
0.19136522753792298,31.800990490386,125.013813651091
0.19253208868144692,31.7749828334774,125.00151434117399
0.19369894982497082,31.759994877620397,124.98623428762899
0.19486581096849476,31.7445487749359,124.96568791760599
0.19603267211201866,31.740221716797198,124.943508013747
0.1971995332555426,31.7236951528233,124.94803478051901
0.1983663943990665,31.707337205088102,124.925425138268
0.19953325554259044,31.683769439467202,124.923028113104
0.20070011668611434,31.671047597446798,124.894102770447
0.20186697782963828,31.6495896097056,124.874195730987
0.20303383897316218,31.621153802706104,124.85088629428199
0.20420070011668612,31.5854477044622,124.82675433183901
0.20536756126021002,31.5811084415612,124.801957238759
0.20653442240373396,31.5795354167173,124.819293047451
0.20770128354725786,31.5552697947241,124.83312011945499
0.2088681446907818,31.5613544051508,124.828697842955
0.2100350058343057,31.560587409524103,124.81823529536001
0.21120186697782964,31.535929817423,124.794141996796
0.21236872812135357,31.5321046665568,124.81215936136101
0.21353558926487748,31.4935830802821,124.792505427241
0.2147024504084014,31.4962200550281,124.798946434323
0.21586931155192532,31.498699227487997,124.77696349513599
0.21703617269544925,31.498273383033105,124.756716954701
0.21820303383897316,31.488281313213896,124.75676218755501
0.2193698949824971,31.477473830521497,124.73982630145399
0.220536756126021,31.4614379570925,124.736771945797
0.22170361726954493,31.444993555664702,124.724239407339
0.22287047841306884,31.410428961901697,124.702810625263
0.22403733955659277,31.400743005324998,124.707696368032
0.22520420070011668,31.403756170338802,124.69699520326
0.22637106184364061,31.401706956905603,124.70159762455401
0.22753792298716452,31.391489996466,124.684355163368
0.22870478413068845,31.3718738089376,124.683917745831
0.22987164527421236,31.349707720145002,124.685903481639
0.2310385064177363,31.318436632007998,124.685554621812
0.2322053675612602,31.285412345461197,124.681774129753
0.23337222870478413,31.2773887929274,124.68052126619301
0.23453908984830804,31.2763835274093,124.673695213071
0.23570595099183198,31.249367540334898,124.667007995281
0.23687281213535588,31.2473001228581,124.654026510718
0.23803967327887982,31.2317991399797,124.669888863925
0.23920653442240372,31.218773587016898,124.669261663094
0.24037339556592766,31.2122880991656,124.64664282647101
0.24154025670945156,31.213192067419,124.65825057246401
0.2427071178529755,31.199071698840005,124.66492658178801
0.24387397899649943,31.1990919577588,124.653252218687
0.24504084014002334,31.1856366103131,124.65512227278299
0.24620770128354727,31.1734035224766,124.67186542524901
0.24737456242707118,31.1625036407546,124.679433915427
0.2485414235705951,31.150784239788102,124.67858238618601
0.24970828471411902,31.138560872631803,124.66217223418
0.2508751458576429,31.128122376307,124.65245930732
0.25204200700116686,31.093718104151698,124.653264686556
0.2532088681446908,31.0685959499809,124.64260220327101
0.2543757292882147,31.0363455253771,124.624375699786
0.2555425904317386,31.034333419562103,124.624830412267
0.25670945157526254,31.0298915685379,124.652476627423
0.25787631271878647,31.0129386211406,124.649696890758
0.2590431738623104,30.9761664301551,124.66213839987101
0.2602100350058343,30.9553404490602,124.65898917612499
0.2613768961493582,30.9507559206305,124.64897329133998
0.26254375729288215,30.930235491426398,124.661342859116
0.2637106184364061,30.916454114863,124.667422811546
0.26487747957992996,30.9012030111422,124.673307675091
0.2660443407234539,30.893290973843698,124.683573821322
0.26721120186697783,30.8575030687828,124.668785605383
0.26837806301050177,30.8347724444792,124.66287773328699
0.26954492415402564,30.8336506807067,124.654555223081
0.2707117852975496,30.822010271866002,124.677947089109
0.2718786464410735,30.785369233523998,124.666364615861
0.27304550758459745,30.7765777181071,124.684459461266
0.2742123687281214,30.767519422627696,124.68440665082599
0.27537922987164526,30.7579630304449,124.695799097013
0.2765460910151692,30.7385625706458,124.686271443941
0.2777129521586931,30.728765195266103,124.696533834771
0.27887981330221706,30.7146336025017,124.68102025573201
0.28004667444574094,30.6927395069453,124.66949464033199
0.2812135355892649,30.665242774615198,124.681063727516
0.2823803967327888,30.662203197089895,124.691124705425
0.28354725787631274,30.655062667354997,124.69024909199601
0.2847141190198366,30.656549139463802,124.708040079231
0.28588098016336055,30.642630948575,124.698731871956
0.2870478413068845,30.6040679486835,124.725140894806
0.2882147024504084,30.584053708692004,124.722391354832
0.2893815635939323,30.575917067056302,124.755027497805
0.29054842473745623,30.568168357205895,124.76207460051201
0.29171528588098017,30.557467137885798,124.762868506077
0.2928821470245041,30.5454031553408,124.79841616383999
0.294049008168028,30.546500713161397,124.807448202442
0.2952158693115519,30.554942176434302,124.83727760561199
0.29638273045507585,30.5497016124718,124.846375113762
0.2975495915985998,30.5293299664376,124.86490513598801
0.29871645274212366,30.5089913094197,124.87122787006099
0.2998833138856476,30.497121990812698,124.89996653540399
0.30105017502917153,30.491980763233197,124.917355141046
0.30221703617269546,30.470715743792898,124.917175748655
0.3033838973162194,30.4575595166401,124.924553427681
0.3045507584597433,30.453253085885102,124.939739510301
0.3057176196032672,30.460013467925897,124.962644418997
0.30688448074679114,30.449140038459397,124.959873185025
0.3080513418903151,30.433082113856898,124.968575690556
0.30921820303383896,30.408862923888897,124.993448620161
0.3103850641773629,30.3814028879491,125.002043505231
0.3115519253208868,30.3910913551018,125.035158022258
0.31271878646441076,30.378186763101898,125.03792541154199
0.31388564760793464,30.366675058159103,125.06082655033501
0.31505250875145857,30.3580869873092,125.08092345245599
0.3162193698949825,30.3655121588218,125.103246860499
0.31738623103850644,30.364379990770697,125.128461955644
0.3185530921820303,30.3680122052869,125.134808796237
0.31971995332555425,30.368465130483397,125.171688666117
0.3208868144690782,30.372077871009303,125.182607535009
0.3220536756126021,30.356921363551198,125.215286784063
0.323220536756126,30.3557025947727,125.24222020060301
0.32438739789964993,30.3350328084232,125.252462099635
0.32555425904317387,30.3198359029535,125.25304435646002
0.3267211201866978,30.3048486967646,125.28585624057699
0.3278879813302217,30.292628961343603,125.298405420759
0.3290548424737456,30.292543660659398,125.32178593850901
0.33022170361726955,30.2797760279062,125.33667595244101
0.3313885647607935,30.2743825391133,125.357994510469
0.33255542590431736,30.2794224869903,125.38974158084801
0.3337222870478413,30.2913118981907,125.392362427929
0.3348891481913652,30.299045241100195,125.4163410023
0.33605600933488916,30.304380799383303,125.431802210003
0.3372228704784131,30.2951565017763,125.458726801625
0.338389731621937,30.274681628254104,125.488596541695
0.3395565927654609,30.262058005089802,125.505573863795
0.34072345390898484,30.2660413299275,125.52966699820401
0.3418903150525088,30.276106529388198,125.55826169474399
0.34305717619603265,30.2517207305446,125.580286599623
0.3442240373395566,30.2494139979129,125.612062067458
0.3453908984830805,30.22551180936,125.630206379647
0.34655775962660446,30.2109370524398,125.668053229068
0.34772462077012833,30.225315302919803,125.68161070757601
0.34889148191365227,30.2162141385461,125.70850218861601
0.3500583430571762,30.2062341345354,125.74384364731199
0.35122520420070014,30.185336128182996,125.774033402551
0.352392065344224,30.203995981532003,125.805968485488
0.35355892648774795,30.2097688697437,125.83632110687799
0.3547257876312719,30.2017613854986,125.864788944369
0.3558926487747958,30.2209082438515,125.881350622925
0.3570595099183197,30.2413054275071,125.88524544617701
0.35822637106184363,30.2443133770817,125.92414965305099
0.35939323220536756,30.2431427133528,125.94564443663602
0.3605600933488915,30.258303254805497,125.97100857159599
0.3617269544924154,30.2617645080194,125.98347208175
0.3628938156359393,30.2729583729826,126.006145054946
0.36406067677946324,30.290077036408896,126.04676839142599
0.3652275379229872,30.3014974542881,126.07447492203801
0.3663943990665111,30.3233882526442,126.076588331502
0.367561260210035,30.338166477325696,126.08905514057301
0.3687281213535589,30.319833750328197,126.11696207798
0.36989498249708286,30.3037769579417,126.142038579307
0.3710618436406068,30.2931469257227,126.151220446061
0.37222870478413067,30.3085409915667,126.17845462452298
0.3733955659276546,30.330833771272502,126.215384905361
0.37456242707117854,30.3241691627209,126.22719797536999
0.3757292882147025,30.3208262798666,126.257406063438
0.37689614935822635,30.3257803358954,126.295537887199
0.3780630105017503,30.318912748842802,126.320370385428
0.3792298716452742,30.342416976023603,126.35641239570101
0.38039673278879815,30.3595438108474,126.37690774546499
0.38156359393232203,30.3538351688455,126.40454313337901
0.38273045507584597,30.37591097977,126.41784376469
0.3838973162193699,30.366921728287302,126.454155593984
0.38506417736289383,30.3582964022966,126.46004965779699
0.3862310385064177,30.3662078837845,126.488727285826
0.38739789964994165,30.368899502607004,126.501405598468
0.3885647607934656,30.3620764356815,126.53553068675899
0.3897316219369895,30.399762446689,126.581343238307
0.3908984830805134,30.3985584209649,126.59818188791999
0.3920653442240373,30.413308590525,126.60251758351102
0.39323220536756126,30.4372651233016,126.59885311491301
0.3943990665110852,30.443360910608398,126.625341755553
0.39556592765460913,30.459593586087102,126.642638064987
0.396732788798133,30.4912727677414,126.64323851266501
0.39789964994165694,30.5123054949058,126.67009269378799
0.3990665110851809,30.535072630731,126.670727944639
0.4002333722287048,30.547463013550896,126.678842452674
0.4014002333722287,30.558025137972002,126.71063459372401
0.4025670945157526,30.5638371625745,126.71807812347001
0.40373395565927656,30.5973756646052,126.713936340877
0.4049008168028005,30.6013826618982,126.722186167247
0.40606767794632437,30.6294673853805,126.730133662876
0.4072345390898483,30.643448445545,126.729038655684
0.40840140023337224,30.6516918871415,126.73046158068199
0.40956826137689617,30.677958309451103,126.756700051541
0.41073512252042005,30.7001249910399,126.77463173648998
0.411901983663944,30.6952716894531,126.77927364012
0.4130688448074679,30.6951669339868,126.777257791819
0.41423570595099185,30.6914154686531,126.773107294198
0.41540256709451573,30.708271549734302,126.801387783321
0.41656942823803966,30.7250534101442,126.82172450478599
0.4177362893815636,30.7184436980705,126.836802134197
0.41890315052508753,30.724696983120104,126.85449415361201
0.4200700116686114,30.7534666254408,126.88949309081801
0.42123687281213534,30.777263957842198,126.9199401725
0.4224037339556593,30.800281270625,126.939246514571
0.4235705950991832,30.8173848793212,126.970530467131
0.42473745624270715,30.847743847182002,126.986706597264
0.425904317386231,30.843623344594,127.01094112024299
0.42707117852975496,30.8409973811533,127.029158757619
0.4282380396732789,30.8466703246952,127.045433085157
0.4294049008168028,30.8785464617767,127.05690751500201
0.4305717619603267,30.877750795521997,127.075049300924
0.43173862310385064,30.894254047512103,127.058465777748
0.4329054842473746,30.893996514921604,127.04893631661699
0.4340723453908985,30.9039265154755,127.05382423193899
0.4352392065344224,30.9220519771594,127.07206356218599
0.4364060676779463,30.9510921591536,127.06565097243099
0.43757292882147025,30.989097143259997,127.051793462052
0.4387397899649942,30.9865762289573,127.05784004575099
0.43990665110851807,30.997453481343697,127.055206787448
0.441073512252042,31.003368169364098,127.067714780712
0.44224037339556593,31.0377729789528,127.06685494568899
0.44340723453908987,31.0710930905907,127.06388943027599
0.44457409568261375,31.0883666013997,127.05571237618099
0.4457409568261377,31.1031334522119,127.04779832770201
0.4469078179696616,31.1347129602332,127.053328747966
0.44807467911318555,31.134288116386102,127.060506297166
0.4492415402567094,31.1709476799008,127.04581402728901
0.45040840140023336,31.184135459397503,127.036072441297
0.4515752625437573,31.2209411008928,127.047920498034
0.45274212368728123,31.2197414047853,127.066661154055
0.4539089848308051,31.2251988660072,127.06210678850901
0.45507584597432904,31.2233205472438,127.06774898052299
0.456242707117853,31.2587453449512,127.063703954807
0.4574095682613769,31.286459738182202,127.05791057243401
0.45857642940490084,31.319132529050002,127.075368584209
0.4597432905484247,31.345337983589395,127.082784397598
0.46091015169194866,31.370503122161697,127.089272585044
0.4620770128354726,31.391872853649502,127.107040238016
0.4632438739789965,31.3995441368221,127.093265090678
0.4644107351225204,31.398840844755203,127.107175596499
0.46557759626604434,31.408277394414398,127.09216951015699
0.46674445740956827,31.4283868804651,127.09366723905599
0.4679113185530922,31.433994091542697,127.11559885675301
0.4690781796966161,31.441110367726804,127.119234720524
0.47024504084014,31.4640169482642,127.121009961088
0.47141190198366395,31.4868804980376,127.096088784243
0.4725787631271879,31.487601515961398,127.069762904859
0.47374562427071176,31.4833419040215,127.04361901064199
0.4749124854142357,31.475847817937698,127.044309231248
0.47607934655775963,31.491814351107603,127.030124233638
0.47724620770128356,31.5133567246312,127.012880110196
0.47841306884480744,31.5196778852952,126.999436463869
0.4795799299883314,31.5397063961978,126.96874764865801
0.4807467911318553,31.532776702683897,126.95070062367901
0.48191365227537925,31.5333400879815,126.94045981357701
0.4830805134189031,31.5505679010132,126.92908434403999
0.48424737456242706,31.553740803422198,126.930514551119
0.485414235705951,31.5508192918568,126.918149076212
0.4865810968494749,31.5574041159273,126.91977199878401
0.48774795799299886,31.567409336171497,126.89451270214799
0.48891481913652274,31.5880386129144,126.881015968171
0.49008168028004667,31.6009992651555,126.856435851309
0.4912485414235706,31.5986357522769,126.85879453911501
0.49241540256709454,31.605376802115103,126.860477618408
0.4935822637106184,31.6268282700922,126.837586040074
0.49474912485414235,31.6337613386123,126.81155210432101
0.4959159859976663,31.6476949115058,126.782780472494
0.4970828471411902,31.679191956525102,126.758409552274
0.4982497082847141,31.6976402603938,126.72796527332599
0.49941656942823803,31.7249760597812,126.72657826502301
0.5005834305717619,31.718763068849398,126.726939679364
0.5017502917152858,31.717247991164196,126.72480986895901
0.5029171528588098,31.7237236066297,126.72920138269899
0.5040840140023337,31.7432252077487,126.71051672638501
0.5052508751458576,31.7557642033057,126.712348493568
0.5064177362893816,31.7695097848267,126.70313688402099
0.5075845974329055,31.7725177111796,126.68350849564199
0.5087514585764294,31.780831602749,126.652883190042
0.5099183197199533,31.777658987321,126.62445001093799
0.5110851808634772,31.7805091641898,126.62776412273399
0.5122520420070011,31.7948739056604,126.605533628631
0.5134189031505251,31.823732398281898,126.60062023775299
0.514585764294049,31.8237743080585,126.59642256869101
0.5157526254375729,31.840122924428396,126.606320164222
0.5169194865810969,31.832318406095098,126.59875712240101
0.5180863477246208,31.819171906677198,126.57990779824199
0.5192532088681447,31.8440781130369,126.579350012384
0.5204200700116686,31.843535915334,126.551991390968
0.5215869311551925,31.8565994663067,126.55222157938299
0.5227537922987164,31.8797114272868,126.547093546138
0.5239206534422404,31.8777872819606,126.53810118815399
0.5250875145857643,31.8995747310539,126.5074254175
0.5262543757292882,31.9224134416928,126.47704269882401
0.5274212368728122,31.9401719171628,126.46239294108
0.5285880980163361,31.945940700562897,126.448730295896
0.5297549591598599,31.9357670284657,126.41409867438101
0.5309218203033839,31.9380281685669,126.39701398274201
0.5320886814469078,31.9563473775315,126.37972220723101
0.5332555425904317,31.950492231943997,126.355739956543
0.5344224037339557,31.942770500541602,126.31600844583599
0.5355892648774796,31.9321669486975,126.31475830880301
0.5367561260210035,31.932107867895304,126.280626554144
0.5379229871645275,31.9237029247885,126.24317673881201
0.5390898483080513,31.922642785748895,126.23691677516001
0.5402567094515752,31.920676971501603,126.231420804603
0.5414235705950992,31.932293245308298,126.208664513725
0.5425904317386231,31.9479574521729,126.210805643943
0.543757292882147,31.962374216699,126.19051463958999
0.544924154025671,31.9920875947298,126.13755694452
0.5460910151691949,31.984527986249102,126.128089405469
0.5472578763127188,31.9957879547125,126.11985369049299
0.5484247374562428,32.010994988511,126.105405676113
0.5495915985997666,32.0287328493973,126.083353925637
0.5507584597432905,32.0332064364501,126.045275009518
0.5519253208868145,32.0361215268216,126.03851353546801
0.5530921820303384,32.0506219459259,126.011594488005
0.5542590431738623,32.0630708865555,125.9963580352
0.5554259043173863,32.0537818745862,125.98506368955799
0.5565927654609102,32.0346510546117,125.958583083583
0.5577596266044341,32.033734829820396,125.93285125985399
0.558926487747958,32.0449541332829,125.897685636311
0.5600933488914819,32.0524357007904,125.865790165307
0.5612602100350058,32.0484370011462,125.861970563123
0.5624270711785297,32.0355679903114,125.848202197262
0.5635939323220537,32.0207919478433,125.840994712358
0.5647607934655776,32.0283283229877,125.807847255473
0.5659276546091015,32.0172832527769,125.796176885973
0.5670945157526255,32.032267069826396,125.78654955215201
0.5682613768961493,32.034023262231,125.77259259305201
0.5694282380396732,32.0238962664977,125.764858839438
0.5705950991831972,32.0309398223052,125.753519848974
0.5717619603267211,32.0428145271637,125.717658104702
0.572928821470245,32.0360306875416,125.712786388687
0.574095682613769,32.0290832122304,125.691156676558
0.5752625437572929,32.0186671868667,125.691615683238
0.5764294049008168,32.0106104616388,125.665230393161
0.5775962660443408,32.0370278160299,125.654850613752
0.5787631271878646,32.0465775797935,125.623195053774
0.5799299883313885,32.0732705258963,125.589581999657
0.5810968494749125,32.0820392381227,125.570247501219
0.5822637106184364,32.0867716429317,125.557266572388
0.5834305717619603,32.0740468959103,125.54220052349
0.5845974329054843,32.089046129665796,125.54332935434799
0.5857642940490082,32.0859881433954,125.54265102963801
0.5869311551925321,32.0988030536249,125.54055733388999
0.588098016336056,32.097643174900604,125.53998718976801
0.5892648774795799,32.104841019412696,125.52764271905501
0.5904317386231038,32.0925004458288,125.496680506646
0.5915985997666278,32.1019802751782,125.466398367962
0.5927654609101517,32.0951494133141,125.447919891309
0.5939323220536756,32.0963155180022,125.422866078425
0.5950991831971996,32.099796222775105,125.433226167836
0.5962660443407235,32.1323996903285,125.41249509516899
0.5974329054842473,32.1465063768026,125.39249939023
0.5985997666277713,32.140177625886196,125.36661899656299
0.5997666277712952,32.1540167022982,125.36040227524401
0.6009334889148191,32.1619870779938,125.33786746506
0.6021003500583431,32.146589336588505,125.298649472337
0.603267211201867,32.1327019540978,125.265873548202
0.6044340723453909,32.1331345143981,125.22736554834299
0.6056009334889149,32.1535796153861,125.206749718708
0.6067677946324388,32.1345713733536,125.192645545432
0.6079346557759626,32.1436111848334,125.17084363466999
0.6091015169194866,32.1377413501896,125.158821381872
0.6102683780630105,32.1317065515661,125.147933587042
0.6114352392065344,32.1190494560238,125.11449314489501
0.6126021003500584,32.1425252427138,125.092451644265
0.6137689614935823,32.1498487905555,125.07236950501301
0.6149358226371062,32.135789666613896,125.04762636637
0.6161026837806302,32.129346403854,125.035876134328
0.617269544924154,32.122936006452306,125.001706064606
0.6184364060676779,32.1272778370583,124.980487550478
0.6196032672112018,32.1340049413561,124.963030264844
0.6207701283547258,32.1274088406003,124.95981428566499
0.6219369894982497,32.1238795261086,124.94055811282
0.6231038506417736,32.103851112106106,124.927138630373
0.6242707117852976,32.1121191784816,124.92428698832899
0.6254375729288215,32.1286694762266,124.887165789657
0.6266044340723453,32.1228977880625,124.859415146226
0.6277712952158693,32.1180100087709,124.850690259839
0.6289381563593932,32.1134945322477,124.819286975807
0.6301050175029171,32.1261283869022,124.807092810289
0.6312718786464411,32.0979124134428,124.785766310798
0.632438739789965,32.1004588320737,124.77675551100799
0.6336056009334889,32.0969220649117,124.77457787058901
0.6347724620770129,32.0946762166436,124.736941080823
0.6359393232205367,32.0666360214625,124.697750598953
0.6371061843640606,32.0433589502095,124.66545129378001
0.6382730455075846,32.0208732452559,124.63917422959801
0.6394399066511085,32.0238759016688,124.60401398028
0.6406067677946324,32.0204188412365,124.593594062507
0.6417736289381564,32.0079836966613,124.560090507808
0.6429404900816803,31.9995943966659,124.54771172396099
0.6441073512252042,31.9700665808083,124.528073763799
0.6452742123687282,31.9491427707557,124.52376124972099
0.646441073512252,31.9437387678736,124.51956831448
0.6476079346557759,31.919922914177103,124.49474333497801
0.6487747957992999,31.8972465501124,124.486670285302
0.6499416569428238,31.8980957667993,124.472932380896
0.6511085180863477,31.885808936548198,124.461011226954
0.6522753792298717,31.888798306392196,124.422062045249
0.6534422403733956,31.8817166434592,124.40180336348301
0.6546091015169195,31.889185327792,124.38186696286199
0.6557759626604434,31.893739913717297,124.36487362556801
0.6569428238039673,31.884781365974497,124.358805310359
0.6581096849474912,31.875115607185602,124.36341552459601
0.6592765460910152,31.853981491888103,124.36829777703998
0.6604434072345391,31.8488298202283,124.356535896441
0.661610268378063,31.8287909778346,124.367888311243
0.662777129521587,31.8244753885425,124.37525579790702
0.6639439906651109,31.795975124378,124.363004479927
0.6651108518086347,31.7782208401253,124.372242903337
0.6662777129521587,31.744000430211898,124.37162105976499
0.6674445740956826,31.7360753809706,124.34836825333299
0.6686114352392065,31.7281680674103,124.343458513574
0.6697782963827305,31.730292810552502,124.34916788418501
0.6709451575262544,31.7082342042388,124.35304253730301
0.6721120186697783,31.679242481754102,124.348886710693
0.6732788798133023,31.6801180800657,124.358044043199
0.6744457409568262,31.6475914291656,124.364616170639
0.67561260210035,31.635722544618897,124.342366718953
0.676779463243874,31.6276129146766,124.34085502414699
0.6779463243873979,31.6260546753346,124.349294063557
0.6791131855309218,31.6107788859607,124.33354021805401
0.6802800466744457,31.5868163606581,124.34201897118099
0.6814469078179697,31.5876853210152,124.336791993001
0.6826137689614936,31.5773852148505,124.337228087539
0.6837806301050176,31.563704705793,124.31512647284201
0.6849474912485414,31.5487866237699,124.32267202223
0.6861143523920653,31.528453177761502,124.29668353083599
0.6872812135355892,31.5127568632481,124.28330472734699
0.6884480746791132,31.503042847175603,124.289051125283
0.6896149358226371,31.499418672642797,124.28891469969601
0.690781796966161,31.483009043577102,124.269843106056
0.691948658109685,31.4632003651094,124.272752168262
0.6931155192532089,31.428272865510696,124.26037306612
0.6942823803967327,31.395971448772602,124.241287798852
0.6954492415402567,31.372976936715304,124.22326424534401
0.6966161026837806,31.365270370125604,124.21637504093799
0.6977829638273045,31.3339900635361,124.191864314125
0.6989498249708285,31.3002401079491,124.187873875403
0.7001166861143524,31.263861756986604,124.19918011277099
0.7012835472578763,31.2576314445564,124.199061621041
0.7024504084014003,31.2253126903647,124.19171353466801
0.7036172695449242,31.224569039151604,124.19439388360901
0.704784130688448,31.194844901590002,124.160776279752
0.705950991831972,31.1843024939865,124.12555385866301
0.7071178529754959,31.1538963198484,124.10895233717501
0.7082847141190198,31.1172289608076,124.11428011276199
0.7094515752625438,31.1173659261872,124.127090385113
0.7106184364060677,31.1155496041915,124.130714872743
0.7117852975495916,31.1037825160612,124.139102261564
0.7129521586931156,31.0831678993492,124.144496630222
0.7141190198366394,31.0514736814499,124.14398360002899
0.7152858809801633,31.0520615030682,124.14284921381099
0.7164527421236873,31.0487966362529,124.152428119158
0.7176196032672112,31.0295563733892,124.135860479958
0.7187864644107351,30.9960751707229,124.117197575104
0.7199533255542591,30.968167860067602,124.110019760938
0.721120186697783,30.972136646861703,124.09128747757099
0.7222870478413069,30.961710242157302,124.096042789688
0.7234539089848308,30.9278990162936,124.097706249937
0.7246207701283547,30.914839842677104,124.06443590583099
0.7257876312718786,30.8975925613944,124.048725526823
0.7269544924154026,30.9018137268675,124.041831372673
0.7281213535589265,30.8676048672448,124.018327969346
0.7292882147024504,30.862554814528103,124.028794627393
0.7304550758459744,30.8594010668361,124.02141892743799
0.7316219369894983,30.8589001909554,124.00968387117399
0.7327887981330222,30.8531518023458,124.02889636288499
0.733955659276546,30.816719434074102,124.04754289687901
0.73512252042007,30.783175853734498,124.051190107324
0.7362893815635939,30.778568140370304,124.051878968575
0.7374562427071178,30.7695346633944,124.056197428892
0.7386231038506418,30.7529717396314,124.06647594486401
0.7397899649941657,30.7149009928089,124.069340139511
0.7409568261376897,30.709720459443304,124.058707813568
0.7421236872812136,30.6903777689536,124.065436217663
0.7432905484247374,30.6770991681296,124.052654158778
0.7444574095682613,30.6670172894539,124.045746549479
0.7456242707117853,30.653092339167298,124.034344320332
0.7467911318553092,30.6499055367818,124.03307859896499
0.7479579929988331,30.649569689004302,124.038377776301
0.7491248541423571,30.6290119191993,124.04878491645799
0.750291715285881,30.6296484032907,124.035630085623
0.751458576429405,30.593838174128,124.023823767521
0.7526254375729288,30.570327136132303,124.046637008783
0.7537922987164527,30.5353125049613,124.05706927901899
0.7549591598599766,30.519294011016303,124.070462036108
0.7561260210035006,30.479892861455497,124.073140304573
0.7572928821470245,30.479025608130197,124.062851178422
0.7584597432905484,30.4747502717082,124.056884131711
0.7596266044340724,30.440850557248897,124.045249227577
0.7607934655775963,30.4065817073487,124.052238108466
0.7619603267211202,30.3979124157695,124.056022405024
0.7631271878646441,30.3867164981563,124.044387201097
0.764294049008168,30.3624499587026,124.049343060873
0.7654609101516919,30.334523535858196,124.061573188962
0.7666277712952159,30.3346252171946,124.08090728882601
0.7677946324387398,30.298014646210603,124.06862561011299
0.7689614935822637,30.2768192384523,124.07965926299102
0.7701283547257877,30.276319696966702,124.079353238445
0.7712952158693116,30.240912443610203,124.08628708426001
0.7724620770128354,30.237507159839502,124.098059389368
0.7736289381563594,30.237557022855,124.08958843952699
0.7747957992998833,30.2050500106567,124.09239266322099
0.7759626604434072,30.191390454232398,124.07505433227502
0.7771295215869312,30.1709291680216,124.05938464420099
0.7782963827304551,30.13271453601,124.07263978746599
0.779463243873979,30.098478507448398,124.08441057886999
0.780630105017503,30.082563209629303,124.061858663594
0.7817969661610268,30.082876564657102,124.05490651183901
0.7829638273045507,30.054800486588398,124.04112505014
0.7841306884480747,30.0312973545616,124.042166239219
0.7852975495915986,30.008601852544302,124.04062249718399
0.7864644107351225,29.9785039161566,124.048460293701
0.7876312718786465,29.963202890620003,124.068216681137
0.7887981330221704,29.9408536684064,124.06268498392599
0.7899649941656943,29.9064578748109,124.04598801691799
0.7911318553092183,29.871778816767897,124.05794802586901
0.7922987164527421,29.862627447533303,124.04426296301399
0.793465577596266,29.8484140743149,124.05196734471501
0.79463243873979,29.8169746788825,124.049167176403
0.7957992998833139,29.819829978322502,124.06491043425699
0.7969661610268378,29.807037488417603,124.05373927547
0.7981330221703618,29.8132437471378,124.061408323167
0.7992998833138857,29.796394711136898,124.072967221702
0.8004667444574096,29.7844579540614,124.069871630375
0.8016336056009334,29.7558015794835,124.11021436969101
0.8028004667444574,29.7480032046622,124.134379200671
0.8039673278879813,29.752292509817,124.14817084108
0.8051341890315052,29.747201658464302,124.16295967341101
0.8063010501750292,29.7477424575168,124.186764211719
0.8074679113185531,29.7320371892317,124.21804761633999
0.808634772462077,29.7213953501941,124.21560950288999
0.809801633605601,29.722084585563003,124.21487842320299
0.8109684947491248,29.715642844875997,124.244821311076
0.8121353558926487,29.6891752529888,124.24574160877899
0.8133022170361727,29.673155757102197,124.239552797967
0.8144690781796966,29.647897858789896,124.235324345005
0.8156359393232205,29.6376041411484,124.244679869905
0.8168028004667445,29.616243391666604,124.27842481749599
0.8179696616102684,29.5858881147715,124.30019926082599
0.8191365227537923,29.568201404221803,124.330017445005
0.8203033838973163,29.544156504270102,124.358605661673
0.8214702450408401,29.5186388000107,124.35824434777399
0.822637106184364,29.531357715078503,124.377972886835
0.823803967327888,29.516024516585396,124.382377690253
0.8249708284714119,29.5075161112575,124.40954337680401
0.8261376896149358,29.505921694258102,124.408028827189
0.8273045507584598,29.4854141657476,124.409487261754
0.8284714119019837,29.475583005893803,124.441199809497
0.8296382730455076,29.452988236631498,124.46710735146401
0.8308051341890315,29.464130445439896,124.47355617633998
0.8319719953325554,29.4650122900992,124.493619619418
0.8331388564760793,29.460290510555396,124.50537963047199
0.8343057176196033,29.438983193066804,124.523879815668
0.8354725787631272,29.453479074978198,124.538931771842
0.8366394399066511,29.441032404892503,124.570719556105
0.8378063010501751,29.4590756603826,124.59851918234399
0.838973162193699,29.456842555027198,124.60586716681499
0.8401400233372228,29.4687125998739,124.624662986744
0.8413068844807468,29.445484209347402,124.634670091153
0.8424737456242707,29.429348340849298,124.65861903123002
0.8436406067677946,29.426957785984897,124.664444782334
0.8448074679113186,29.428161244187002,124.684570389464
0.8459743290548425,29.411725988874803,124.71748853521099
0.8471411901983664,29.413294979004398,124.732238183622
0.8483080513418904,29.416358107854702,124.75363652994699
0.8494749124854143,29.3906012082054,124.77001926451901
0.8506417736289381,29.373646974624,124.76849149168801
0.851808634772462,29.3639194561554,124.791892995151
0.852975495915986,29.3724240250307,124.827417256228
0.8541423570595099,29.3695838223172,124.837283329616
0.8553092182030338,29.376244696171398,124.856104246502
0.8564760793465578,29.3591706696899,124.871817355397
0.8576429404900817,29.361734482483502,124.878807712161
0.8588098016336057,29.3354638146804,124.89780486588998
0.8599766627771295,29.3289032651649,124.93388082362699
0.8611435239206534,29.3245894872508,124.95930562786002
0.8623103850641773,29.3034789456281,124.98984836320801
0.8634772462077013,29.2797126347556,124.990264088973
0.8646441073512252,29.276931727448698,125.000594722236
0.8658109684947491,29.2595064936749,125.002161094995
0.8669778296382731,29.2353348516217,125.00965714103998
0.868144690781797,29.229854383036,125.04745539550899
0.8693115519253208,29.230493457150303,125.07970011273501
0.8704784130688448,29.233262057416802,125.079422078461
0.8716452742123687,29.2427499077952,125.092887639713
0.8728121353558926,29.244920614836396,125.10193771723999
0.8739789964994166,29.2471526282802,125.110938520007
0.8751458576429405,29.2197600258848,125.13171718094499
0.8763127187864644,29.2199487255176,125.14228794315001
0.8774795799299884,29.194569031396604,125.148219781898
0.8786464410735122,29.1925806408455,125.158450993292
0.8798133022170361,29.198413037616202,125.15993265448499
0.8809801633605601,29.1837612923348,125.196970931973
0.882147024504084,29.164125303492398,125.22696528570101
0.8833138856476079,29.15064918076,125.24339516116501
0.8844807467911319,29.146474650465898,125.243509177802
0.8856476079346558,29.121777797933998,125.247244960708
0.8868144690781797,29.1059459731147,125.25162351070699
0.8879813302217037,29.110280081345,125.28568274741899
0.8891481913652275,29.1173001876973,125.29943619973801
0.8903150525087514,29.0937147230905,125.307202546127
0.8914819136522754,29.076759035036996,125.34448760771099
0.8926487747957993,29.080933633347897,125.36624315631501
0.8938156359393232,29.057259982067198,125.403276888151
0.8949824970828472,29.042705211076104,125.425842680021
0.8961493582263711,29.055215674914102,125.45601709503599
0.897316219369895,29.058103868713797,125.464536549853
0.8984830805134189,29.0584365379003,125.467514087164
0.8996499416569428,29.044608778115897,125.50785250733401
0.9008168028004667,29.0424943193571,125.51519908133001
0.9019836639439907,29.053764817904895,125.53035522084299
0.9031505250875146,29.0657247263612,125.53151996440901
0.9043173862310385,29.04387690894,125.535561854751
0.9054842473745625,29.048739709906503,125.571885164541
0.9066511085180864,29.0262235288133,125.585421188726
0.9078179696616102,29.0334424908523,125.59867643062599
0.9089848308051341,29.033127354290105,125.605634434756
0.9101516919486581,29.0318453357061,125.620340422277
0.911318553092182,29.0168019465333,125.62897335923
0.912485414235706,29.010657710966896,125.66394605589599
0.9136522753792299,29.009250672216,125.681554330188
0.9148191365227538,29.002404101272603,125.691488156345
0.9159859976662778,29.0089702043513,125.708970155749
0.9171528588098017,29.0004023298873,125.71983350008101
0.9183197199533255,28.9973529038175,125.719605017638
0.9194865810968494,29.0049823168327,125.71595550219801
0.9206534422403734,29.0013859853059,125.748597306799
0.9218203033838973,28.994793136528,125.77043292003401
0.9229871645274212,28.969505744425696,125.79780265775801
0.9241540256709452,28.9547206523406,125.830851892941
0.9253208868144691,28.9425016626364,125.862439698971
0.926487747957993,28.924603067853102,125.881662402869
0.9276546091015169,28.8973066700697,125.889413189864
0.9288214702450408,28.8755354784417,125.918001268764
0.9299883313885647,28.8829016449568,125.94374891404101
0.9311551925320887,28.8585733276079,125.976122121786
0.9323220536756126,28.848037839247,125.993579532105
0.9334889148191365,28.831879967174803,126.00413379367399
0.9346557759626605,28.8083550669067,126.011989341481
0.9358226371061844,28.7934130176285,126.03632245345301
0.9369894982497082,28.7918169055025,126.060256972133
0.9381563593932322,28.7967759560633,126.09132918317499
0.9393232205367561,28.795956587143802,126.09595822710199
0.94049008168028,28.765816509324104,126.115286562379
0.941656942823804,28.7606349203981,126.116423260215
0.9428238039673279,28.743388794629897,126.120497432294
0.9439906651108518,28.7159252400762,126.155810706769
0.9451575262543758,28.7011222207243,126.170985519399
0.9463243873978997,28.6902589638524,126.186279939272
0.9474912485414235,28.683169772018104,126.204238256971
0.9486581096849475,28.683590945580896,126.23952452376001
0.9498249708284714,28.677665722892606,126.254422850037
0.9509918319719953,28.663966929092805,126.252900989594
0.9521586931155193,28.6515332911673,126.267919481073
0.9533255542590432,28.636984734966504,126.27173668773399
0.9544924154025671,28.6381314742664,126.273293838163
0.9556592765460911,28.612048400317303,126.274944726425
0.9568261376896149,28.5869398107864,126.281619175346
0.9579929988331388,28.574147830448698,126.316959511656
0.9591598599766628,28.588124460259902,126.321620145709
0.9603267211201867,28.5874851724804,126.328313435756
0.9614935822637106,28.589230230211,126.35244664319201
0.9626604434072346,28.5905748672993,126.38108300199801
0.9638273045507585,28.5763753452804,126.381075669129
0.9649941656942824,28.581541321948,126.396285064651
0.9661610268378062,28.560690068394397,126.42722988655899
0.9673278879813302,28.569005104861898,126.43172445599501
0.9684947491248541,28.570987762258,126.449505043003
0.969661610268378,28.5626722598179,126.46928525323901
0.970828471411902,28.5766302390089,126.47557634165899
0.9719953325554259,28.5533571856322,126.50589575360901
0.9731621936989499,28.5452732850161,126.521802520927
0.9743290548424738,28.5415030898134,126.539397747631
0.9754959159859977,28.5402333456115,126.574289837791
0.9766627771295215,28.535346625125104,126.58228222526002
0.9778296382730455,28.4934395090631,126.638637822061
0.9789964994165694,28.4726391395681,126.640431804291
0.9801633605600933,28.468070196090604,126.679978798102
0.9813302217036173,28.4735276658597,126.717098182686
0.9824970828471412,28.4717185112505,126.739212864549
0.9836639439906651,28.4584055070792,126.744800422213
0.9848308051341891,28.470690716866102,126.76543711254
0.9859976662777129,28.4585245251542,126.78130790703399
0.9871645274212368,28.470917917376298,126.812653088013
0.9883313885647608,28.4527155562849,126.845342488637
0.9894982497082847,28.4417491905407,126.853586168189
0.9906651108518086,28.423277076045398,126.86246689803998
0.9918319719953326,28.414747944114698,126.892208258265
0.9929988331388565,28.4008195873946,126.89381785637899
0.9941656942823804,28.416346265826697,126.919705076707
0.9953325554259043,28.4159669927286,126.945060976349
0.9964994165694282,28.417796374981798,126.981847000641
0.9976662777129521,28.4219415871727,126.983371486305
0.9988331388564761,28.4053233102767,126.986191906248
