,Unnamed: 0,ID,WD,JD,GD,SD,SJ,target
275820,275820,R2019081303584413802797,32.446,132.9966,5363.4162,685.2836,2012/2/1 9:57:52,F-7
275827,275827,R2019081303584413802797,32.4927,132.8538,5387.1437,705.8817,2012/2/1 9:59:02,F-7
275829,275829,R2019081303584413802797,32.4835,132.7994,5100.4086,679.2953,2012/2/1 9:59:22,F-7
275845,275845,R2019081303584413802797,32.4762,132.4559,4762.7022,686.6978,2012/2/1 10:02:02,F-7
275871,275871,R2019081303584413802797,32.4854,131.9261,5474.034,686.1317,2012/2/1 10:06:32,F-7
275886,275886,R2019081303584413802797,32.4133,131.6042,4970.795,718.7729,2012/2/1 10:09:02,F-7
275901,275901,R2019081303584413802797,32.4095,131.3385,4927.6396,651.6448,2012/2/1 10:11:42,F-7
275918,275918,R2019081303584413802797,32.3452,130.9751,5381.5272,665.6464,2012/2/1 10:14:32,F-7
275919,275919,R2019081303584413802797,32.3557,130.9516,4923.9925,694.1702,2012/2/1 10:14:42,F-7
275924,275924,R2019081303584413802797,32.3577,130.8453,4514.848,654.5841,2012/2/1 10:15:32,F-7
275948,275948,R2019081303584413802797,32.2803,130.2633,4897.3511,721.3865,2012/2/1 10:19:32,F-7
275960,275960,R2019081303584413802797,32.2891,130.007,4775.5903,666.7926,2012/2/1 10:21:32,F-7
275972,275972,R2019081303584413802797,32.2822,129.784,5103.6487,656.2958,2012/2/1 10:23:32,F-7
275986,275986,R2019081303584413802797,32.262,129.5438,5317.509,742.1777,2012/2/1 10:26:02,F-7
276030,276030,R2019081303584413802797,32.0869,128.598,4853.8699,666.8968,2012/2/1 10:33:32,F-7
276046,276046,R2019081303584413802797,31.9945,128.4057,5129.4012,731.9193,2012/2/1 10:36:12,F-7
276053,276053,R2019081303584413802797,31.9027,128.2871,4979.538,688.5354,2012/2/1 10:37:22,F-7
276069,276069,R2019081303584413802797,31.8647,127.8964,5169.8077,708.2197,2012/2/1 10:40:12,F-7
276078,276078,R2019081303584413802797,31.8499,127.7152,4608.5313,657.7545,2012/2/1 10:41:42,F-7
276082,276082,R2019081303584413802797,31.8093,127.6152,5298.2294,727.7204,2012/2/1 10:42:22,F-7
276095,276095,R2019081303584413802797,31.8237,127.3459,5277.1317,692.7996,2012/2/1 10:44:42,F-7
276100,276100,R2019081303584413802797,31.7915,127.2197,4987.5173,748.9016,2012/2/1 10:45:32,F-7
276101,276101,R2019081303584413802797,31.803,127.1851,4708.6631,677.4169,2012/2/1 10:45:42,F-7
276136,276136,R2019081303584413802797,31.701,126.5113,4792.7516,742.8588,2012/2/1 10:51:32,F-7
276137,276137,R2019081303584413802797,31.6793,126.5164,5279.3918,726.5115,2012/2/1 10:51:42,F-7
276138,276138,R2019081303584413802797,31.6771,126.5162,4757.6136,696.2112,2012/2/1 10:51:52,F-7
276165,276165,R2019081303584413802797,31.4711,126.03,4846.0428,672.4552,2012/2/1 10:56:32,F-7
276166,276166,R2019081303584413802797,31.4604,126.0166,4548.0334,691.4658,2012/2/1 10:56:42,F-7
276184,276184,R2019081303584413802797,31.4127,125.6406,5327.1449,659.8183,2012/2/1 10:59:42,F-7
276198,276198,R2019081303584413802797,31.2781,125.3832,4536.8572,701.3169,2012/2/1 11:02:12,F-7
276200,276200,R2019081303584413802797,31.2586,125.3841,5327.4246,737.1275,2012/2/1 11:02:32,F-7
276205,276205,R2019081303584413802797,31.217,125.3179,5433.3606,654.3846,2012/2/1 11:03:22,F-7
276215,276215,R2019081303584413802797,31.1661,125.1519,5056.9755,655.4859,2012/2/1 11:05:02,F-7
276216,276216,R2019081303584413802797,31.1564,125.1245,5274.7031,743.8511,2012/2/1 11:05:12,F-7
276231,276231,R2019081303584413802797,31.072,124.882,4787.9904,656.9696,2012/2/1 11:07:52,F-7
276232,276232,R2019081303584413802797,31.0528,124.8744,5384.8876,693.2355,2012/2/1 11:08:02,F-7
276246,276246,R2019081303584413802797,30.9803,124.6803,4854.0277,723.0097,2012/2/1 11:10:22,F-7
276249,276249,R2019081303584413802797,30.9272,124.6275,4937.1408,715.5649,2012/2/1 11:10:52,F-7
276253,276253,R2019081303584413802797,30.9333,124.5352,5142.0403,720.4873,2012/2/1 11:11:32,F-7
276262,276262,R2019081303584413802797,30.8416,124.3649,4568.1736,740.7141,2012/2/1 11:13:12,F-7
276275,276275,R2019081303584413802797,30.6651,124.2015,5033.1957,736.2579,2012/2/1 11:15:22,F-7
276293,276293,R2019081303584413802797,30.4895,123.845,4566.369,720.9335,2012/2/1 11:18:32,F-7
276318,276318,R2019081303584413802797,30.2194,123.3555,5487.9977,728.757,2012/2/1 11:22:42,F-7
276328,276328,R2019081303584413801749,32.4358,132.8764,4859.2997,717.7125,2012/2/9 10:02:52,F-7
276335,276335,R2019081303584413801749,32.4618,132.7527,4815.0583,670.4918,2012/2/9 10:04:02,F-7
276340,276340,R2019081303584413801749,32.4792,132.6497,5011.8266,719.5596,2012/2/9 10:04:52,F-7
276344,276344,R2019081303584413801749,32.487,132.547,5231.489,740.2882,2012/2/9 10:05:32,F-7
276354,276354,R2019081303584413801749,32.4794,132.4269,5144.1356,726.8526,2012/2/9 10:07:12,F-7
276357,276357,R2019081303584413801749,32.4585,132.3536,4663.1538,672.2808,2012/2/9 10:07:42,F-7
276369,276369,R2019081303584413801749,32.4516,132.0084,5266.8036,677.528,2012/2/9 10:09:52,F-7
276372,276372,R2019081303584413801749,32.4413,131.9494,4622.8976,728.0121,2012/2/9 10:10:22,F-7
276381,276381,R2019081303584413801749,32.3992,131.7522,5034.4638,706.3933,2012/2/9 10:11:52,F-7
276388,276388,R2019081303584413801749,32.4102,131.5836,4773.6555,703.4888,2012/2/9 10:13:02,F-7
276390,276390,R2019081303584413801749,32.4117,131.532,4974.0214,744.7748,2012/2/9 10:13:22,F-7
276394,276394,R2019081303584413801749,32.3997,131.4453,5154.8763,722.9399,2012/2/9 10:14:02,F-7
276399,276399,R2019081303584413801749,32.4111,131.3901,5133.8236,736.5068,2012/2/9 10:14:52,F-7
276414,276414,R2019081303584413801749,32.3718,131.114,4961.778,742.3704,2012/2/9 10:17:32,F-7
276418,276418,R2019081303584413801749,32.3493,131.0118,4628.8144,713.12,2012/2/9 10:18:12,F-7
276427,276427,R2019081303584413801749,32.3734,130.8587,4782.9438,726.7294,2012/2/9 10:19:42,F-7
276440,276440,R2019081303584413801749,32.3432,130.5794,5250.9767,728.9509,2012/2/9 10:21:52,F-7
276452,276452,R2019081303584413801749,32.3423,130.3563,4504.1632,680.9016,2012/2/9 10:23:52,F-7
276461,276461,R2019081303584413801749,32.344,130.1979,4886.9638,671.0894,2012/2/9 10:25:22,F-7
276470,276470,R2019081303584413801749,32.2709,130.104,4552.4299,720.6606,2012/2/9 10:26:52,F-7
276474,276474,R2019081303584413801749,32.272,130.0317,5229.6484,668.9807,2012/2/9 10:27:32,F-7
276482,276482,R2019081303584413801749,32.2573,129.821,4846.1898,655.8658,2012/2/9 10:28:52,F-7
276483,276483,R2019081303584413801749,32.2809,129.8161,4643.971,741.6921,2012/2/9 10:29:02,F-7
276498,276498,R2019081303584413801749,32.2347,129.4861,5286.8069,651.8052,2012/2/9 10:31:42,F-7
276505,276505,R2019081303584413801749,32.215,129.3385,4578.5458,743.6146,2012/2/9 10:32:52,F-7
276508,276508,R2019081303584413801749,32.2068,129.2879,4529.3888,678.0507,2012/2/9 10:33:22,F-7
276523,276523,R2019081303584413801749,32.1353,128.9741,4502.2099,653.2698,2012/2/9 10:35:52,F-7
276537,276537,R2019081303584413801749,32.1166,128.6459,5038.9644,659.0554,2012/2/9 10:38:22,F-7
276539,276539,R2019081303584413801749,32.0606,128.5934,5271.1865,702.7118,2012/2/9 10:38:42,F-7
276543,276543,R2019081303584413801749,32.05,128.5238,5258.1858,737.7871,2012/2/9 10:39:22,F-7
276559,276559,R2019081303584413801749,31.9052,128.3029,4996.4683,748.155,2012/2/9 10:42:02,F-7
276572,276572,R2019081303584413801749,31.8725,127.9852,5497.9624,664.1309,2012/2/9 10:44:22,F-7
276594,276594,R2019081303584413801749,31.7804,127.573,5197.9137,723.1779,2012/2/9 10:48:02,F-7
276597,276597,R2019081303584413801749,31.8061,127.484,5083.8864,680.2325,2012/2/9 10:48:42,F-7
276611,276611,R2019081303584413801749,31.7614,127.201,4814.52,680.474,2012/2/9 10:51:02,F-7
276618,276618,R2019081303584413801749,31.7584,127.0271,4874.1184,705.034,2012/2/9 10:52:12,F-7
276630,276630,R2019081303584413801749,31.7171,126.8618,5130.9945,720.2447,2012/2/9 10:54:12,F-7
276648,276648,R2019081303584413801749,31.6478,126.4875,4897.9041,660.6777,2012/2/9 10:57:22,F-7
276655,276655,R2019081303584413801749,31.6046,126.3836,5110.6194,693.5473,2012/2/9 10:58:32,F-7
276656,276656,R2019081303584413801749,31.5944,126.3532,5209.183,707.816,2012/2/9 10:58:42,F-7
276659,276659,R2019081303584413801749,31.5697,126.3321,4844.6347,717.7781,2012/2/9 10:59:12,F-7
276691,276691,R2019081303584413801749,31.4702,125.6723,5067.4436,689.6433,2012/2/9 11:04:32,F-7
276700,276700,R2019081303584413801749,31.3278,125.4816,4980.2395,697.7503,2012/2/9 11:06:12,F-7
276708,276708,R2019081303584413801749,31.2456,125.355,4889.0985,712.1619,2012/2/9 11:07:32,F-7
276715,276715,R2019081303584413801749,31.1321,125.2133,4551.0143,694.7614,2012/2/9 11:08:42,F-7
276722,276722,R2019081303584413801749,31.0888,125.0631,4856.2211,714.1179,2012/2/9 11:09:52,F-7
276724,276724,R2019081303584413801749,31.0778,125.0047,4945.1873,682.8087,2012/2/9 11:10:22,F-7
276750,276750,R2019081303584413801749,30.9054,124.5502,5244.8738,710.1868,2012/2/9 11:14:42,F-7
276753,276753,R2019081303584413801749,30.9362,124.5167,5169.4849,676.8165,2012/2/9 11:15:12,F-7
276759,276759,R2019081303584413801749,30.8852,124.3978,5146.2156,747.8152,2012/2/9 11:16:22,F-7
276788,276788,R2019081303584413801749,30.4883,123.9414,4752.6476,670.2896,2012/2/9 11:21:22,F-7
276794,276794,R2019081303584413801749,30.4463,123.8113,5231.1199,714.8373,2012/2/9 11:22:22,F-7
276801,276801,R2019081303584413801749,30.3744,123.6941,4560.1705,660.042,2012/2/9 11:23:32,F-7
276814,276814,R2019081303584413801749,30.2334,123.4511,4743.3143,699.0752,2012/2/9 11:25:42,F-7
276824,276824,R2019081303584415408327,32.4414,133.0246,4615.4327,669.1898,2012/2/17 9:58:08,F-7
276829,276829,R2019081303584415408327,32.474,132.9118,5069.1432,698.9108,2012/2/17 9:58:58,F-7
276832,276832,R2019081303584415408327,32.4729,132.853,5332.32,735.8367,2012/2/17 9:59:28,F-7
276833,276833,R2019081303584415408327,32.4577,132.823,4761.5869,669.8301,2012/2/17 9:59:38,F-7
276836,276836,R2019081303584415408327,32.4477,132.7701,4731.17,748.3276,2012/2/17 10:00:08,F-7
276842,276842,R2019081303584415408327,32.4598,132.6489,5462.6643,715.4025,2012/2/17 10:01:08,F-7
276901,276901,R2019081303584415408327,32.4409,131.3877,5181.6807,664.172,2012/2/17 10:11:08,F-7
276917,276917,R2019081303584415408327,32.3532,131.0264,4722.8947,689.3443,2012/2/17 10:13:58,F-7
276923,276923,R2019081303584415408327,32.3604,130.8669,4753.3995,745.0794,2012/2/17 10:14:58,F-7
276957,276957,R2019081303584415408327,32.2987,130.207,4933.4298,663.7688,2012/2/17 10:20:38,F-7
276967,276967,R2019081303584415408327,32.2371,129.9115,5381.3379,678.1685,2012/2/17 10:22:18,F-7
276970,276970,R2019081303584415408327,32.2446,129.8678,4744.4245,730.3197,2012/2/17 10:22:48,F-7
276971,276971,R2019081303584415408327,32.2411,129.8425,5272.0177,712.335,2012/2/17 10:22:58,F-7
276980,276980,R2019081303584415408327,32.2462,129.6595,4607.2121,748.781,2012/2/17 10:24:38,F-7
276985,276985,R2019081303584415408327,32.2201,129.5814,4655.1183,653.9983,2012/2/17 10:25:28,F-7
276989,276989,R2019081303584415408327,32.2335,129.5045,4598.0366,729.5925,2012/2/17 10:26:08,F-7
277001,277001,R2019081303584415408327,32.2039,129.1818,5476.9129,667.0661,2012/2/17 10:28:08,F-7
277029,277029,R2019081303584415408327,32.1198,128.6857,4588.4534,666.8584,2012/2/17 10:32:48,F-7
277048,277048,R2019081303584415408327,31.9393,128.2917,4693.9372,690.1024,2012/2/17 10:36:08,F-7
277052,277052,R2019081303584415408327,31.8902,128.2865,4798.885,723.8741,2012/2/17 10:36:48,F-7
277053,277053,R2019081303584415408327,31.8935,128.277,4815.8264,713.2051,2012/2/17 10:36:58,F-7
277054,277054,R2019081303584415408327,31.88,128.2488,4762.3363,654.1891,2012/2/17 10:37:18,F-7
277056,277056,R2019081303584415408327,31.8833,128.2175,5154.6872,744.7446,2012/2/17 10:37:38,F-7
277079,277079,R2019081303584415408327,31.821,127.8053,5334.3624,708.3634,2012/2/17 10:41:28,F-7
277081,277081,R2019081303584415408327,31.8362,127.7598,4526.6461,737.2003,2012/2/17 10:41:48,F-7
277083,277083,R2019081303584415408327,31.8135,127.7297,4923.2026,659.0382,2012/2/17 10:42:08,F-7
277095,277095,R2019081303584415408327,31.8104,127.4615,5414.8986,702.5713,2012/2/17 10:44:18,F-7
277103,277103,R2019081303584415408327,31.8106,127.2892,5208.9165,711.4915,2012/2/17 10:45:38,F-7
277109,277109,R2019081303584415408327,31.7802,127.1781,4679.7709,669.7862,2012/2/17 10:46:38,F-7
277124,277124,R2019081303584415408327,31.7794,126.904,4919.414,708.9667,2012/2/17 10:49:08,F-7
277135,277135,R2019081303584415408327,31.6828,126.7229,5077.8174,697.5672,2012/2/17 10:50:58,F-7
277163,277163,R2019081303584415408327,31.6544,126.2046,4659.5834,690.4659,2012/2/17 10:55:48,F-7
277171,277171,R2019081303584415408327,31.6227,126.0786,5456.0476,690.605,2012/2/17 10:57:08,F-7
277183,277183,R2019081303584415408327,31.5416,125.8507,4820.6499,686.4348,2012/2/17 10:59:08,F-7
277194,277194,R2019081303584415408327,31.415,125.6936,5054.3181,701.1001,2012/2/17 11:00:58,F-7
277220,277220,R2019081303584415408327,31.233,125.1903,5087.0659,677.8602,2012/2/17 11:05:28,F-7
277227,277227,R2019081303584415408327,31.1385,125.0851,4694.9145,712.7086,2012/2/17 11:06:38,F-7
277228,277228,R2019081303584415408327,31.1064,125.0671,5338.0942,729.8542,2012/2/17 11:06:48,F-7
277231,277231,R2019081303584415408327,31.0876,125.0273,5079.214,728.6646,2012/2/17 11:07:18,F-7
277245,277245,R2019081303584415408327,31.038,124.827,4574.3279,737.0498,2012/2/17 11:09:48,F-7
277246,277246,R2019081303584415408327,31.0403,124.796,5024.175,706.2042,2012/2/17 11:09:58,F-7
277250,277250,R2019081303584415408327,30.9941,124.6874,4768.3053,688.8662,2012/2/17 11:10:38,F-7
277251,277251,R2019081303584415408327,30.997,124.6558,5355.3134,728.7695,2012/2/17 11:10:48,F-7
277268,277268,R2019081303584415408327,30.8051,124.3279,4630.655,706.4572,2012/2/17 11:13:48,F-7
277276,277276,R2019081303584415408327,30.6767,124.2138,5261.4088,716.3904,2012/2/17 11:15:08,F-7
277294,277294,R2019081303584415408327,30.5015,123.8795,5490.895,719.5229,2012/2/17 11:18:18,F-7
277299,277299,R2019081303584415408327,30.4487,123.8011,5241.7096,673.6191,2012/2/17 11:19:08,F-7
277313,277313,R2019081303584415408327,30.3706,123.6073,4811.2255,743.9664,2012/2/17 11:21:28,F-7
277321,277321,R2019081303584415408327,30.2347,123.4411,5432.5053,732.9153,2012/2/17 11:22:48,F-7
277332,277332,R2019081303584415401661,32.4384,133.0438,4713.5368,693.9049,2012/2/25 9:58:33,F-7
277339,277339,R2019081303584415401661,32.4154,132.8867,5343.4495,722.1421,2012/2/25 9:59:43,F-7
277363,277363,R2019081303584415401661,32.4963,132.4062,4886.2537,725.8099,2012/2/25 10:03:43,F-7
277437,277437,R2019081303584415401661,32.3739,130.8693,5392.1847,717.6955,2012/2/25 10:16:23,F-7
277440,277440,R2019081303584415401661,32.3911,130.8337,4802.8729,729.0905,2012/2/25 10:16:53,F-7
277441,277441,R2019081303584415401661,32.4043,130.8104,5417.4943,664.0797,2012/2/25 10:17:03,F-7
277444,277444,R2019081303584415401661,32.4266,130.7604,5320.7621,674.4237,2012/2/25 10:17:33,F-7
277464,277464,R2019081303584415401661,32.4054,130.3379,5332.0914,687.0154,2012/2/25 10:20:53,F-7
277468,277468,R2019081303584415401661,32.3742,130.2585,4594.0446,717.5516,2012/2/25 10:21:33,F-7
277490,277490,R2019081303584415401661,32.2786,129.7546,5157.4511,655.0576,2012/2/25 10:25:23,F-7
277495,277495,R2019081303584415401661,32.1966,129.6595,4900.6623,717.3954,2012/2/25 10:26:13,F-7
277506,277506,R2019081303584415401661,32.2708,129.4402,5421.9294,731.2086,2012/2/25 10:28:03,F-7
277517,277517,R2019081303584415401661,32.1903,129.2762,5405.3038,656.1837,2012/2/25 10:29:53,F-7
277521,277521,R2019081303584415401661,32.2047,129.1864,5414.207,712.0417,2012/2/25 10:30:33,F-7
277527,277527,R2019081303584415401661,32.22,129.0729,5148.5049,663.5614,2012/2/25 10:31:33,F-7
277540,277540,R2019081303584415401661,32.1398,128.8018,4599.778,699.3143,2012/2/25 10:33:43,F-7
277545,277545,R2019081303584415401661,32.1379,128.7204,4746.3596,723.0373,2012/2/25 10:34:33,F-7
277559,277559,R2019081303584415401661,32.0085,128.4467,4881.6583,742.1751,2012/2/25 10:37:03,F-7
277561,277561,R2019081303584415401661,31.9621,128.4142,4816.0795,737.8895,2012/2/25 10:37:23,F-7
277563,277563,R2019081303584415401661,31.9476,128.384,5124.3247,711.5524,2012/2/25 10:37:43,F-7
277564,277564,R2019081303584415401661,31.9226,128.3565,5130.2174,690.3621,2012/2/25 10:37:53,F-7
277582,277582,R2019081303584415401661,31.8548,128.0642,5105.7006,745.4075,2012/2/25 10:41:03,F-7
277591,277591,R2019081303584415401661,31.9033,127.7892,5182.6511,688.1778,2012/2/25 10:42:33,F-7
277592,277592,R2019081303584415401661,31.8866,127.7845,5036.3171,676.3419,2012/2/25 10:42:43,F-7
277598,277598,R2019081303584415401661,31.8653,127.6913,5057.3664,679.0953,2012/2/25 10:43:43,F-7
277609,277609,R2019081303584415401661,31.7864,127.4684,5429.1441,670.7855,2012/2/25 10:45:43,F-7
277613,277613,R2019081303584415401661,31.8051,127.3625,4772.4527,696.579,2012/2/25 10:46:23,F-7
277638,277638,R2019081303584415401661,31.7943,126.8457,4837.7695,746.1719,2012/2/25 10:50:33,F-7
277646,277646,R2019081303584415401661,31.7561,126.6725,5206.2785,670.8847,2012/2/25 10:51:53,F-7
277653,277653,R2019081303584415401661,31.7074,126.5861,4881.4458,698.1248,2012/2/25 10:53:03,F-7
277658,277658,R2019081303584415401661,31.6664,126.4694,5491.8259,737.3982,2012/2/25 10:54:03,F-7
277661,277661,R2019081303584415401661,31.6169,126.3824,5449.1888,663.7016,2012/2/25 10:54:33,F-7
277665,277665,R2019081303584415401661,31.5514,126.2694,5128.014,659.919,2012/2/25 10:55:13,F-7
277671,277671,R2019081303584415401661,31.5432,126.1757,4851.8198,661.351,2012/2/25 10:56:13,F-7
277688,277688,R2019081303584415401661,31.4734,125.8193,4984.4124,667.3677,2012/2/25 10:59:03,F-7
277718,277718,R2019081303584415401661,31.2354,125.2761,4941.4188,712.4266,2012/2/25 11:04:13,F-7
277735,277735,R2019081303584415401661,31.0688,125.007,4732.3627,719.5154,2012/2/25 11:07:13,F-7
277760,277760,R2019081303584415401661,30.8906,124.4723,4927.1217,653.1685,2012/2/25 11:11:33,F-7
277761,277761,R2019081303584415401661,30.8676,124.4423,5315.9298,671.0213,2012/2/25 11:11:43,F-7
277762,277762,R2019081303584415401661,30.8697,124.4356,5397.0615,682.7078,2012/2/25 11:11:53,F-7
277765,277765,R2019081303584415401661,30.8489,124.382,4615.8694,651.4454,2012/2/25 11:12:23,F-7
277773,277773,R2019081303584415401661,30.7196,124.2264,4974.3896,698.0604,2012/2/25 11:13:43,F-7
277779,277779,R2019081303584415401661,30.6741,124.1533,4591.8914,706.1245,2012/2/25 11:14:43,F-7
277782,277782,R2019081303584415401661,30.6086,124.1174,4890.2654,654.0707,2012/2/25 11:15:23,F-7
277787,277787,R2019081303584415401661,30.5466,123.9866,4624.2916,734.4776,2012/2/25 11:16:13,F-7
277791,277791,R2019081303584415401661,30.5208,123.9153,4694.8431,731.2534,2012/2/25 11:16:53,F-7
277796,277796,R2019081303584415401661,30.4861,123.8065,4866.1215,746.6395,2012/2/25 11:17:43,F-7
277809,277809,R2019081303584415401661,30.3828,123.6018,5082.6941,723.8664,2012/2/25 11:19:53,F-7
277811,277811,R2019081303584415401661,30.3762,123.6009,4547.3694,657.2934,2012/2/25 11:20:13,F-7
277822,277822,R2019081303584415401661,30.2289,123.4004,5349.3861,707.3574,2012/2/25 11:22:03,F-7
277824,277824,R2019081303584415401661,30.2049,123.3517,5378.2138,675.8887,2012/2/25 11:22:23,F-7
277838,277838,R2019081303584415408805,32.427,132.8597,5158.2834,694.3328,2012/3/4 10:06:38,F-7
277896,277896,R2019081303584415408805,32.4555,131.6797,5468.307,716.9547,2012/3/4 10:16:28,F-7
277939,277939,R2019081303584415408805,32.2622,130.8644,5031.3937,678.8075,2012/3/4 10:23:48,F-7
277947,277947,R2019081303584415408805,32.3177,130.7494,4789.4374,726.2995,2012/3/4 10:25:08,F-7
277953,277953,R2019081303584415408805,32.3054,130.6496,5187.5911,680.3308,2012/3/4 10:26:08,F-7
277958,277958,R2019081303584415408805,32.3484,130.5433,5447.1277,732.2339,2012/3/4 10:26:58,F-7
277961,277961,R2019081303584415408805,32.3291,130.4648,4715.8575,670.7681,2012/3/4 10:27:28,F-7
277988,277988,R2019081303584415408805,32.2506,129.8724,5183.7308,664.5427,2012/3/4 10:31:58,F-7
277996,277996,R2019081303584415408805,32.2751,129.7355,4680.2164,658.6689,2012/3/4 10:33:28,F-7
277997,277997,R2019081303584415408805,32.2575,129.7352,4822.1965,731.1422,2012/3/4 10:33:38,F-7
277999,277999,R2019081303584415408805,32.2453,129.7219,4659.6256,669.502,2012/3/4 10:33:58,F-7
278020,278020,R2019081303584415408805,32.1989,129.3219,4751.0512,722.5972,2012/3/4 10:37:28,F-7
278034,278034,R2019081303584415408805,32.1909,129.1,5367.24,713.6859,2012/3/4 10:39:48,F-7
278043,278043,R2019081303584415408805,32.1224,128.9625,4906.9492,683.0781,2012/3/4 10:41:18,F-7
278059,278059,R2019081303584415408805,32.1034,128.6285,5282.0341,707.1099,2012/3/4 10:44:08,F-7
278082,278082,R2019081303584415408805,31.8754,128.2362,4514.8239,684.9008,2012/3/4 10:48:08,F-7
278110,278110,R2019081303584415408805,31.8201,127.7589,4858.9967,668.1907,2012/3/4 10:52:48,F-7
278123,278123,R2019081303584415408805,31.7972,127.4469,5078.9993,710.6684,2012/3/4 10:55:08,F-7
278131,278131,R2019081303584415408805,31.7449,127.2586,5467.5894,741.1501,2012/3/4 10:56:28,F-7
278146,278146,R2019081303584415408805,31.7206,126.8673,5245.9066,693.0398,2012/3/4 10:58:58,F-7
278166,278166,R2019081303584415408805,31.6664,126.4581,4867.1507,716.687,2012/3/4 11:02:28,F-7
278170,278170,R2019081303584415408805,31.6226,126.3791,5184.4427,701.9533,2012/3/4 11:03:08,F-7
278173,278173,R2019081303584415408805,31.5807,126.3153,4530.3772,734.5395,2012/3/4 11:03:38,F-7
278177,278177,R2019081303584415408805,31.5232,126.2124,5189.3476,748.2427,2012/3/4 11:04:18,F-7
278205,278205,R2019081303584415408805,31.3926,125.7698,4910.0386,723.7504,2012/3/4 11:08:58,F-7
278244,278244,R2019081303584415408805,31.1298,125.1195,4567.8145,695.7208,2012/3/4 11:15:38,F-7
278249,278249,R2019081303584415408805,31.064,124.9705,5150.4691,667.3733,2012/3/4 11:16:38,F-7
278251,278251,R2019081303584415408805,31.0554,124.9335,4819.7295,721.8424,2012/3/4 11:16:58,F-7
278253,278253,R2019081303584415408805,31.0294,124.8732,5398.7925,744.7276,2012/3/4 11:17:18,F-7
278257,278257,R2019081303584415408805,31.0524,124.7988,5201.5364,704.5227,2012/3/4 11:17:58,F-7
278260,278260,R2019081303584415408805,31.039,124.7591,4907.5406,677.494,2012/3/4 11:18:28,F-7
278267,278267,R2019081303584415408805,31.0015,124.665,4919.9155,712.0605,2012/3/4 11:19:38,F-7
278276,278276,R2019081303584415408805,30.9075,124.5414,4723.9891,717.8571,2012/3/4 11:21:08,F-7
278296,278296,R2019081303584415408805,30.6837,124.2345,5251.5053,684.1478,2012/3/4 11:24:38,F-7
278298,278298,R2019081303584415408805,30.6623,124.2026,5002.7991,664.1186,2012/3/4 11:24:58,F-7
278305,278305,R2019081303584415408805,30.5693,124.0609,5431.0767,699.6364,2012/3/4 11:26:18,F-7
278313,278313,R2019081303584415408805,30.5019,123.9223,5154.7168,726.9815,2012/3/4 11:27:38,F-7
278314,278314,R2019081303584415408805,30.4915,123.9103,4857.4583,721.1828,2012/3/4 11:27:48,F-7
278318,278318,R2019081303584415408805,30.493,123.8223,4824.3729,667.3111,2012/3/4 11:28:28,F-7
278345,278345,R2019081303584415408805,30.2256,123.4986,5152.5293,694.0099,2012/3/4 11:32:58,F-7
278402,278402,R2019081303584415408290,32.4364,132.1265,5326.0688,737.572,2012/3/12 10:03:26,F-7
278409,278409,R2019081303584415408290,32.4254,131.9695,4944.7392,685.5652,2012/3/12 10:04:36,F-7
278425,278425,R2019081303584415408290,32.4429,131.6494,5337.1853,676.6652,2012/3/12 10:07:16,F-7
278428,278428,R2019081303584415408290,32.4144,131.5854,5390.2197,734.3422,2012/3/12 10:07:46,F-7
278442,278442,R2019081303584415408290,32.4144,131.2154,4866.9755,708.2851,2012/3/12 10:10:16,F-7
278452,278452,R2019081303584415408290,32.4625,130.9978,4766.7165,740.3152,2012/3/12 10:11:56,F-7
278490,278490,R2019081303584415408290,32.3185,130.2775,5176.4036,690.5678,2012/3/12 10:18:16,F-7
278492,278492,R2019081303584415408290,32.3397,130.2374,4589.6047,659.9124,2012/3/12 10:18:36,F-7
278496,278496,R2019081303584415408290,32.3216,130.1284,5308.32,683.4818,2012/3/12 10:19:16,F-7
278502,278502,R2019081303584415408290,32.2841,129.9933,5117.3454,707.3328,2012/3/12 10:20:16,F-7
278512,278512,R2019081303584415408290,32.2865,129.8155,5369.0322,653.0542,2012/3/12 10:21:56,F-7
278523,278523,R2019081303584415408290,32.2651,129.6468,4522.1276,694.0587,2012/3/12 10:23:56,F-7
278553,278553,R2019081303584415408290,32.1517,129.101,4655.8625,699.2459,2012/3/12 10:28:56,F-7
278582,278582,R2019081303584415408290,32.0699,128.5545,4567.9674,721.1126,2012/3/12 10:33:56,F-7
278597,278597,R2019081303584415408290,31.9092,128.2878,5329.343,724.2743,2012/3/12 10:36:26,F-7
278603,278603,R2019081303584415408290,31.8721,128.091,4870.4055,683.1202,2012/3/12 10:37:36,F-7
278619,278619,R2019081303584415408290,31.8334,127.7435,4895.1193,702.1158,2012/3/12 10:40:16,F-7
278627,278627,R2019081303584415408290,31.8087,127.6106,5351.2913,733.3891,2012/3/12 10:41:36,F-7
278631,278631,R2019081303584415408290,31.7934,127.5217,4714.5992,693.7322,2012/3/12 10:42:16,F-7
278635,278635,R2019081303584415408290,31.7935,127.4398,5493.8491,725.6527,2012/3/12 10:43:06,F-7
278637,278637,R2019081303584415408290,31.7839,127.3944,5343.2555,711.9292,2012/3/12 10:43:26,F-7
278649,278649,R2019081303584415408290,31.6604,127.1612,5498.1709,713.9722,2012/3/12 10:45:26,F-7
278653,278653,R2019081303584415408290,31.6834,127.0736,5150.8871,749.368,2012/3/12 10:46:06,F-7
278660,278660,R2019081303584415408290,31.6895,126.919,5421.6364,748.8835,2012/3/12 10:47:16,F-7
278685,278685,R2019081303584415408290,31.6808,126.5231,4832.0893,720.6213,2012/3/12 10:51:26,F-7
278700,278700,R2019081303584415408290,31.6159,126.209,5132.1821,652.7106,2012/3/12 10:54:06,F-7
278723,278723,R2019081303584415408290,31.4486,125.8484,4509.161,692.6324,2012/3/12 10:57:56,F-7
278727,278727,R2019081303584415408290,31.4518,125.7505,5145.0416,694.6182,2012/3/12 10:58:36,F-7
278733,278733,R2019081303584415408290,31.4546,125.6419,5108.0225,699.2722,2012/3/12 10:59:36,F-7
278734,278734,R2019081303584415408290,31.444,125.6433,5432.771,728.1283,2012/3/12 10:59:46,F-7
278745,278745,R2019081303584415408290,31.337,125.4959,4903.1068,653.3357,2012/3/12 11:01:46,F-7
278749,278749,R2019081303584415408290,31.2529,125.3631,4908.6246,724.6951,2012/3/12 11:02:26,F-7
278764,278764,R2019081303584415408290,31.1511,125.1585,5179.2313,699.6599,2012/3/12 11:04:56,F-7
278765,278765,R2019081303584415408290,31.1572,125.1279,4762.1189,702.1832,2012/3/12 11:05:06,F-7
278783,278783,R2019081303584415408290,31.0542,124.8477,5253.0639,676.464,2012/3/12 11:08:16,F-7
278789,278789,R2019081303584415408290,31.0163,124.7541,5043.5849,671.7625,2012/3/12 11:09:16,F-7
278790,278790,R2019081303584415408290,31.0288,124.7248,4938.1193,679.6224,2012/3/12 11:09:26,F-7
278823,278823,R2019081303584415408290,30.6357,124.1282,5497.2177,720.996,2012/3/12 11:15:16,F-7
278833,278833,R2019081303584415408290,30.526,123.9984,5392.1101,695.3079,2012/3/12 11:16:56,F-7
278837,278837,R2019081303584415408290,30.5093,123.9321,4950.7825,682.2702,2012/3/12 11:17:36,F-7
278841,278841,R2019081303584415408290,30.4698,123.8868,4759.6528,662.5829,2012/3/12 11:18:16,F-7
278881,278881,R2019081303584417005542,32.4487,132.9586,5164.6057,668.4674,2012/3/20 9:58:18,F-7
278889,278889,R2019081303584417005542,32.4838,132.78,4619.9482,736.63,2012/3/20 9:59:38,F-7
278912,278912,R2019081303584417005542,32.4543,132.3512,5329.8032,661.2192,2012/3/20 10:03:28,F-7
278922,278922,R2019081303584417005542,32.4911,132.0966,5127.7424,727.4162,2012/3/20 10:05:18,F-7
278937,278937,R2019081303584417005542,32.4973,131.8498,5083.8727,655.7925,2012/3/20 10:07:48,F-7
278942,278942,R2019081303584417005542,32.4483,131.7368,5373.861,701.0396,2012/3/20 10:08:38,F-7
278974,278974,R2019081303584417005542,32.3629,131.111,5044.0247,730.4499,2012/3/20 10:14:08,F-7
278977,278977,R2019081303584417005542,32.3842,131.0278,5233.0016,668.0544,2012/3/20 10:14:38,F-7
279010,279010,R2019081303584417005542,32.2867,130.3025,4878.0043,733.846,2012/3/20 10:20:08,F-7
279029,279029,R2019081303584417005542,32.2593,129.7842,5451.4461,723.3009,2012/3/20 10:23:18,F-7
279030,279030,R2019081303584417005542,32.2664,129.7369,4878.0736,723.6047,2012/3/20 10:23:38,F-7
279061,279061,R2019081303584417005542,32.155,129.1284,5079.2164,682.9585,2012/3/20 10:28:48,F-7
279072,279072,R2019081303584417005542,32.1196,128.9342,4596.7183,673.9779,2012/3/20 10:30:38,F-7
279099,279099,R2019081303584417005542,31.9948,128.4087,5087.0687,692.0015,2012/3/20 10:35:18,F-7
279107,279107,R2019081303584417005542,31.9229,128.2718,5279.5377,677.1236,2012/3/20 10:36:38,F-7
279113,279113,R2019081303584417005542,31.8928,128.2013,5191.1333,706.848,2012/3/20 10:37:48,F-7
279114,279114,R2019081303584417005542,31.8887,128.1701,5043.2387,653.0323,2012/3/20 10:37:58,F-7
279117,279117,R2019081303584417005542,31.8843,128.1111,4781.9947,674.3291,2012/3/20 10:38:28,F-7
279118,279118,R2019081303584417005542,31.8881,128.094,4529.5305,672.7403,2012/3/20 10:38:38,F-7
279119,279119,R2019081303584417005542,31.8828,128.0928,5041.9044,718.2489,2012/3/20 10:38:48,F-7
279122,279122,R2019081303584417005542,31.8302,127.9933,4542.4691,655.6212,2012/3/20 10:39:18,F-7
279127,279127,R2019081303584417005542,31.8103,127.8534,4568.3139,712.2007,2012/3/20 10:40:08,F-7
279140,279140,R2019081303584417005542,31.833,127.602,4956.7956,685.5378,2012/3/20 10:42:18,F-7
279145,279145,R2019081303584417005542,31.8065,127.4705,4572.4294,718.3584,2012/3/20 10:43:18,F-7
279149,279149,R2019081303584417005542,31.7979,127.3844,4750.3202,671.8376,2012/3/20 10:43:58,F-7
279230,279230,R2019081303584417005542,31.3727,125.5332,5232.3376,727.9424,2012/3/20 10:57:48,F-7
279232,279232,R2019081303584417005542,31.3628,125.4817,4670.2341,707.5751,2012/3/20 10:58:08,F-7
279235,279235,R2019081303584417005542,31.3299,125.455,5080.4229,742.5843,2012/3/20 10:58:38,F-7
279248,279248,R2019081303584417005542,31.1527,125.2486,5011.1464,652.3029,2012/3/20 11:00:48,F-7
279255,279255,R2019081303584417005542,31.1072,125.1471,5462.774,717.818,2012/3/20 11:01:58,F-7
279259,279259,R2019081303584417005542,31.079,125.0292,5123.8076,656.5902,2012/3/20 11:02:38,F-7
279271,279271,R2019081303584417005542,30.9808,124.8581,5394.0623,659.1446,2012/3/20 11:04:48,F-7
279274,279274,R2019081303584417005542,30.9908,124.8247,4659.8838,711.1674,2012/3/20 11:05:18,F-7
279284,279284,R2019081303584417005542,30.9225,124.6418,4733.8588,744.1457,2012/3/20 11:06:58,F-7
279303,279303,R2019081303584417005542,30.7225,124.2837,4574.6622,669.8525,2012/3/20 11:10:18,F-7
279306,279306,R2019081303584417005542,30.6828,124.2424,4789.7349,678.3854,2012/3/20 11:10:48,F-7
279315,279315,R2019081303584417005542,30.5927,124.0984,5218.6487,740.0101,2012/3/20 11:12:28,F-7
279324,279324,R2019081303584417005542,30.5555,123.9473,5085.9152,716.0381,2012/3/20 11:13:58,F-7
279333,279333,R2019081303584417005542,30.4743,123.7979,5299.3623,720.5054,2012/3/20 11:15:28,F-7
279343,279343,R2019081303584417005542,30.3523,123.6553,4812.3563,664.8688,2012/3/20 11:17:08,F-7
279352,279352,R2019081303584417005542,30.2953,123.4736,4813.2235,683.2745,2012/3/20 11:18:38,F-7
279353,279353,R2019081303584417005542,30.274,123.4778,5394.8708,692.1295,2012/3/20 11:18:48,F-7
279360,279360,R2019081303584417005542,30.2226,123.3648,5137.6057,682.5193,2012/3/20 11:19:58,F-7
279372,279372,R2019081303584417008522,32.4424,132.9556,5281.9617,748.3947,2012/3/28 10:00:20,F-7
279374,279374,R2019081303584417008522,32.4693,132.9162,5212.4736,719.2583,2012/3/28 10:00:40,F-7
279375,279375,R2019081303584417008522,32.4535,132.8774,5122.1525,724.9313,2012/3/28 10:00:50,F-7
279436,279436,R2019081303584417008522,32.3964,131.7103,5382.1527,685.3613,2012/3/28 10:11:10,F-7
279438,279438,R2019081303584417008522,32.3919,131.6623,5157.2168,743.1288,2012/3/28 10:11:30,F-7
279476,279476,R2019081303584417008522,32.5166,130.9871,5003.4173,675.4418,2012/3/28 10:18:00,F-7
279481,279481,R2019081303584417008522,32.5011,130.9482,4917.0746,703.7333,2012/3/28 10:18:50,F-7
279501,279501,R2019081303584417008522,32.4868,130.4198,5018.422,665.0287,2012/3/28 10:22:10,F-7
279505,279505,R2019081303584417008522,32.4416,130.3442,5320.7039,679.1066,2012/3/28 10:22:50,F-7
279518,279518,R2019081303584417008522,32.3384,130.0563,5230.5382,682.7754,2012/3/28 10:25:00,F-7
279530,279530,R2019081303584417008522,32.2643,129.8217,4523.5242,728.3118,2012/3/28 10:27:00,F-7
279543,279543,R2019081303584417008522,32.2308,129.6429,4914.4045,673.2744,2012/3/28 10:29:20,F-7
279562,279562,R2019081303584417008522,32.1961,129.3231,4624.9578,693.1801,2012/3/28 10:32:30,F-7
279565,279565,R2019081303584417008522,32.1901,129.2917,4731.3131,714.8389,2012/3/28 10:33:00,F-7
279571,279571,R2019081303584417008522,32.2052,129.2061,5166.7193,696.196,2012/3/28 10:34:00,F-7
279574,279574,R2019081303584417008522,32.1893,129.1584,4710.4252,727.7191,2012/3/28 10:34:30,F-7
279583,279583,R2019081303584417008522,32.1023,128.9916,5091.9077,710.1321,2012/3/28 10:36:00,F-7
279590,279590,R2019081303584417008522,32.0948,128.8185,4811.1718,686.91,2012/3/28 10:37:10,F-7
279596,279596,R2019081303584417008522,32.124,128.6748,5346.015,672.7446,2012/3/28 10:38:10,F-7
279611,279611,R2019081303584417008522,31.9719,128.3712,4623.5333,690.7766,2012/3/28 10:40:50,F-7
279612,279612,R2019081303584417008522,31.9743,128.3548,5079.243,669.887,2012/3/28 10:41:00,F-7
279613,279613,R2019081303584417008522,31.9681,128.3566,5499.4085,708.7912,2012/3/28 10:41:10,F-7
279632,279632,R2019081303584417008522,31.8448,128.0164,4755.8128,689.4611,2012/3/28 10:44:30,F-7
279641,279641,R2019081303584417008522,31.8324,127.7858,5072.8509,729.4147,2012/3/28 10:46:00,F-7
279644,279644,R2019081303584417008522,31.8356,127.7075,4682.3344,655.9499,2012/3/28 10:46:30,F-7
279684,279684,R2019081303584417008522,31.7296,127.0017,4786.3078,687.3218,2012/3/28 10:53:20,F-7
279689,279689,R2019081303584417008522,31.7064,126.9034,5136.4623,720.4931,2012/3/28 10:54:10,F-7
279704,279704,R2019081303584417008522,31.6635,126.6152,4607.4767,688.152,2012/3/28 10:56:40,F-7
279730,279730,R2019081303584417008522,31.5125,126.0764,5223.4392,671.6217,2012/3/28 11:01:10,F-7
279746,279746,R2019081303584417008522,31.4519,125.8043,5319.6833,686.7058,2012/3/28 11:03:50,F-7
279754,279754,R2019081303584417008522,31.4731,125.6785,4941.4169,691.9743,2012/3/28 11:05:10,F-7
279756,279756,R2019081303584417008522,31.4267,125.6655,4806.4488,716.7913,2012/3/28 11:05:30,F-7
279770,279770,R2019081303584417008522,31.3025,125.4148,5246.8838,652.0867,2012/3/28 11:08:00,F-7
279773,279773,R2019081303584417008522,31.2556,125.3332,5422.2206,698.8346,2012/3/28 11:08:30,F-7
279788,279788,R2019081303584417008522,31.1087,125.0617,5229.7757,728.7745,2012/3/28 11:11:00,F-7
279823,279823,R2019081303584417008522,30.8933,124.4414,5013.8583,660.4681,2012/3/28 11:17:10,F-7
279829,279829,R2019081303584417008522,30.7456,124.3298,4678.4638,661.9743,2012/3/28 11:18:10,F-7
279831,279831,R2019081303584417008522,30.7217,124.2849,5103.516,746.4638,2012/3/28 11:18:30,F-7
279841,279841,R2019081303584417008522,30.637,124.1174,5132.8143,677.2401,2012/3/28 11:20:20,F-7
279845,279845,R2019081303584417008522,30.5734,124.0323,5189.8457,748.4189,2012/3/28 11:21:00,F-7
279847,279847,R2019081303584417008522,30.5533,123.9986,5293.5734,724.2239,2012/3/28 11:21:20,F-7
279863,279863,R2019081303584417008522,30.381,123.6376,5080.5718,739.4164,2012/3/28 11:24:00,F-7
279868,279868,R2019081303584417008522,30.3392,123.6028,5032.1609,674.4089,2012/3/28 11:24:50,F-7
279873,279873,R2019081303584417008522,30.3274,123.5004,4834.8905,677.2335,2012/3/28 11:25:40,F-7
279881,279881,R2019081303584417008522,30.2085,123.3511,5403.1134,725.4012,2012/3/28 11:27:00,F-7
279896,279896,R2019081303584418506060,32.4164,132.8273,5132.2729,677.3166,2012/4/5 10:02:19,F-7
279897,279897,R2019081303584418506060,32.436,132.8261,5298.3662,694.0444,2012/4/5 10:02:29,F-7
279912,279912,R2019081303584418506060,32.4857,132.4979,4716.5222,654.1426,2012/4/5 10:04:59,F-7
279920,279920,R2019081303584418506060,32.4385,132.3451,4764.6917,699.2078,2012/4/5 10:06:19,F-7
279941,279941,R2019081303584418506060,32.4987,131.8407,5143.5169,684.7111,2012/4/5 10:09:59,F-7
279950,279950,R2019081303584418506060,32.4346,131.6208,4698.5799,658.1076,2012/4/5 10:11:29,F-7
279952,279952,R2019081303584418506060,32.4453,131.581,4877.317,701.3034,2012/4/5 10:11:49,F-7
279958,279958,R2019081303584418506060,32.4128,131.4442,5194.5956,735.879,2012/4/5 10:12:49,F-7
279966,279966,R2019081303584418506060,32.4138,131.3012,4866.2387,651.1085,2012/4/5 10:14:19,F-7
279975,279975,R2019081303584418506060,32.3666,131.1075,4627.9607,748.4765,2012/4/5 10:15:49,F-7
279989,279989,R2019081303584418506060,32.3564,130.816,5207.4042,716.3293,2012/4/5 10:18:09,F-7
279995,279995,R2019081303584418506060,32.3755,130.6834,4942.7641,747.4192,2012/4/5 10:19:09,F-7
280034,280034,R2019081303584418506060,32.2726,129.7492,5454.2948,690.1688,2012/4/5 10:25:49,F-7
280038,280038,R2019081303584418506060,32.2509,129.6569,5181.2732,674.8547,2012/4/5 10:26:29,F-7
280052,280052,R2019081303584418506060,32.2563,129.3472,5463.9789,658.6393,2012/4/5 10:28:49,F-7
280061,280061,R2019081303584418506060,32.2487,129.1295,4567.3853,724.1721,2012/4/5 10:30:19,F-7
280063,280063,R2019081303584418506060,32.244,129.0905,5351.8184,748.384,2012/4/5 10:30:39,F-7
280101,280101,R2019081303584418506060,31.9117,128.4402,4570.2202,711.673,2012/4/5 10:37:09,F-7
280115,280115,R2019081303584418506060,31.903,128.1432,5252.1924,715.3445,2012/4/5 10:39:39,F-7
280117,280117,R2019081303584418506060,31.8889,128.1308,5443.5216,734.7071,2012/4/5 10:39:59,F-7
280129,280129,R2019081303584418506060,31.8814,127.9213,5129.1698,683.5092,2012/4/5 10:41:59,F-7
280140,280140,R2019081303584418506060,31.8264,127.7217,4762.6181,717.337,2012/4/5 10:43:49,F-7
280141,280141,R2019081303584418506060,31.8202,127.7017,4996.5484,659.4818,2012/4/5 10:43:59,F-7
280149,280149,R2019081303584418506060,31.8046,127.5044,4528.9948,659.1978,2012/4/5 10:45:29,F-7
280157,280157,R2019081303584418506060,31.769,127.332,5483.9304,737.8902,2012/4/5 10:46:49,F-7
280190,280190,R2019081303584418506060,31.712,126.6976,5050.742,691.9122,2012/4/5 10:52:19,F-7
280196,280196,R2019081303584418506060,31.6819,126.5697,4607.5857,707.2079,2012/4/5 10:53:19,F-7
280208,280208,R2019081303584418506060,31.6913,126.3653,4695.1116,686.6085,2012/4/5 10:55:29,F-7
280211,280211,R2019081303584418506060,31.7126,126.3228,5138.6629,700.5588,2012/4/5 10:55:59,F-7
280225,280225,R2019081303584418506060,31.5895,126.0397,5068.8416,685.4128,2012/4/5 10:58:19,F-7
280240,280240,R2019081303584418506060,31.4734,125.8298,4828.2897,723.9432,2012/4/5 11:00:49,F-7
280248,280248,R2019081303584418506060,31.4351,125.6498,5138.1791,745.9541,2012/4/5 11:02:09,F-7
280272,280272,R2019081303584418506060,31.3157,125.272,5253.3726,704.3758,2012/4/5 11:06:19,F-7
280292,280292,R2019081303584418506060,31.0872,125.0278,4528.7885,704.1296,2012/4/5 11:09:39,F-7
280299,280299,R2019081303584418506060,31.063,124.8695,4501.991,692.086,2012/4/5 11:10:59,F-7
280301,280301,R2019081303584418506060,31.0637,124.8495,4817.7086,709.7666,2012/4/5 11:11:19,F-7
280303,280303,R2019081303584418506060,31.0561,124.8053,4633.0932,661.901,2012/4/5 11:11:39,F-7
280305,280305,R2019081303584418506060,31.0536,124.7753,4675.961,678.8113,2012/4/5 11:11:59,F-7
280315,280315,R2019081303584418506060,30.9736,124.5665,5263.6396,718.9743,2012/4/5 11:13:39,F-7
280317,280317,R2019081303584418506060,30.9623,124.5321,4969.7085,714.9597,2012/4/5 11:13:59,F-7
280328,280328,R2019081303584418506060,30.8373,124.3766,5232.7878,683.2266,2012/4/5 11:15:59,F-7
280330,280330,R2019081303584418506060,30.799,124.3545,4766.3739,711.3192,2012/4/5 11:16:19,F-7
280334,280334,R2019081303584418506060,30.7725,124.2948,4647.4483,747.7555,2012/4/5 11:16:59,F-7
280345,280345,R2019081303584418506060,30.6538,124.1872,4746.5997,652.9177,2012/4/5 11:18:49,F-7
280354,280354,R2019081303584418506060,30.6168,124.0392,5357.224,746.3085,2012/4/5 11:20:29,F-7
280369,280369,R2019081303584418506060,30.4712,123.8115,4547.8741,663.339,2012/4/5 11:22:59,F-7
280387,280387,R2019081303584418506060,30.2698,123.4887,5076.1442,713.7115,2012/4/5 11:25:59,F-7
280388,280388,R2019081303584418506060,30.2694,123.4743,4838.5995,721.9287,2012/4/5 11:26:09,F-7
280402,280402,R2019081303584418504658,32.4635,132.9122,5433.5781,718.3676,2012/4/13 10:03:50,F-7
280404,280404,R2019081303584418504658,32.474,132.8714,4610.0943,739.8297,2012/4/13 10:04:10,F-7
280416,280416,R2019081303584418504658,32.5394,132.5919,4636.4416,735.8917,2012/4/13 10:06:10,F-7
280463,280463,R2019081303584418504658,32.425,131.6459,4970.3346,740.4827,2012/4/13 10:14:10,F-7
280465,280465,R2019081303584418504658,32.4345,131.6223,5310.9552,720.8348,2012/4/13 10:14:30,F-7
280468,280468,R2019081303584418504658,32.4562,131.5304,4545.2199,702.4066,2012/4/13 10:15:00,F-7
280472,280472,R2019081303584418504658,32.4388,131.4217,4617.7358,675.0055,2012/4/13 10:15:40,F-7
280477,280477,R2019081303584418504658,32.3798,131.2861,5092.8463,710.2125,2012/4/13 10:16:40,F-7
280492,280492,R2019081303584418504658,32.349,130.9794,5440.2129,674.4952,2012/4/13 10:19:10,F-7
280500,280500,R2019081303584418504658,32.4043,130.8328,4798.9939,715.717,2012/4/13 10:20:30,F-7
280516,280516,R2019081303584418504658,32.3965,130.5564,5092.8201,679.1823,2012/4/13 10:23:10,F-7
280525,280525,R2019081303584418504658,32.3798,130.3473,4706.3976,697.3398,2012/4/13 10:24:40,F-7
280541,280541,R2019081303584418504658,32.3187,130.0366,5482.9117,678.5281,2012/4/13 10:27:20,F-7
280543,280543,R2019081303584418504658,32.3117,130.0083,4569.1338,677.468,2012/4/13 10:27:40,F-7
280561,280561,R2019081303584418504658,32.2498,129.6403,4906.2715,749.7822,2012/4/13 10:30:50,F-7
280581,280581,R2019081303584418504658,32.2026,129.1725,4859.6439,656.5987,2012/4/13 10:34:10,F-7
280599,280599,R2019081303584418504658,32.1075,128.8459,4509.1214,697.9675,2012/4/13 10:37:10,F-7
280603,280603,R2019081303584418504658,32.1009,128.7626,4908.5334,708.9308,2012/4/13 10:37:50,F-7
280605,280605,R2019081303584418504658,32.11,128.711,5376.3048,716.3763,2012/4/13 10:38:10,F-7
280607,280607,R2019081303584418504658,32.1004,128.6554,5252.8634,690.998,2012/4/13 10:38:40,F-7
280618,280618,R2019081303584418504658,31.948,128.4184,5226.4732,658.165,2012/4/13 10:40:30,F-7
280628,280628,R2019081303584418504658,31.8561,128.1222,5443.5949,748.2301,2012/4/13 10:42:20,F-7
280631,280631,R2019081303584418504658,31.8209,128.0378,5201.1352,737.8352,2012/4/13 10:42:50,F-7
280635,280635,R2019081303584418504658,31.7978,127.9482,5255.8076,734.3136,2012/4/13 10:43:30,F-7
280640,280640,R2019081303584418504658,31.7763,127.8127,4600.656,660.245,2012/4/13 10:44:20,F-7
280649,280649,R2019081303584418504658,31.8103,127.6221,4717.556,729.667,2012/4/13 10:45:50,F-7
280654,280654,R2019081303584418504658,31.8196,127.5183,5452.6747,723.7505,2012/4/13 10:46:40,F-7
280660,280660,R2019081303584418504658,31.791,127.3879,4845.046,688.8697,2012/4/13 10:47:50,F-7
280695,280695,R2019081303584418504658,31.6911,126.5939,5318.9554,706.7702,2012/4/13 10:53:40,F-7
280703,280703,R2019081303584418504658,31.654,126.4916,4710.2937,687.2287,2012/4/13 10:55:10,F-7
280714,280714,R2019081303584418504658,31.5661,126.2786,5137.0203,730.9169,2012/4/13 10:57:00,F-7
280742,280742,R2019081303584418504658,31.4244,125.6677,4554.1643,677.626,2012/4/13 11:01:40,F-7
280743,280743,R2019081303584418504658,31.4169,125.6622,4913.9445,734.5107,2012/4/13 11:01:50,F-7
280747,280747,R2019081303584418504658,31.353,125.5296,5096.5831,682.4778,2012/4/13 11:02:40,F-7
280749,280749,R2019081303584418504658,31.3591,125.5116,4976.2294,716.8251,2012/4/13 11:03:00,F-7
280758,280758,R2019081303584418504658,31.3137,125.3784,5273.4531,695.3689,2012/4/13 11:04:30,F-7
280764,280764,R2019081303584418504658,31.2213,125.2841,4832.2971,663.9054,2012/4/13 11:05:30,F-7
280775,280775,R2019081303584418504658,31.1502,125.1249,5100.8716,737.9603,2012/4/13 11:07:20,F-7
280777,280777,R2019081303584418504658,31.1165,125.0983,4868.7461,675.6668,2012/4/13 11:07:40,F-7
280778,280778,R2019081303584418504658,31.1058,125.0726,5169.4715,671.6463,2012/4/13 11:07:50,F-7
280782,280782,R2019081303584418504658,31.0632,125.0008,5441.6738,687.5516,2012/4/13 11:08:40,F-7
280802,280802,R2019081303584418504658,30.9872,124.6496,5438.6304,667.0581,2012/4/13 11:12:00,F-7
280809,280809,R2019081303584418504658,30.9497,124.5442,4891.3637,667.5927,2012/4/13 11:13:10,F-7
280815,280815,R2019081303584418504658,30.8929,124.4412,4925.0657,740.8326,2012/4/13 11:14:20,F-7
280825,280825,R2019081303584418504658,30.7765,124.3742,4902.805,690.154,2012/4/13 11:16:00,F-7
280826,280826,R2019081303584418504658,30.7701,124.3711,5133.3181,739.7271,2012/4/13 11:16:10,F-7
280836,280836,R2019081303584418504658,30.7011,124.192,4719.7741,723.3441,2012/4/13 11:17:50,F-7
280850,280850,R2019081303584418504658,30.5032,123.9141,4717.2212,732.2096,2012/4/13 11:20:20,F-7
280855,280855,R2019081303584418504658,30.4732,123.86,4529.8919,731.8572,2012/4/13 11:21:10,F-7
