WD,JD,new
25.5407,121.4931314,"121.4931314,25.5407"
25.5494713,121.51914009999999,"121.51914009999999,25.5494713"
25.5582426,121.54194469999999,"121.54194469999999,25.5582426"
25.5670139,121.5617135,"121.5617135,25.5670139"
25.5757852,121.57861170000001,"121.57861170000001,25.5757852"
25.5845565,121.5928014,"121.5928014,25.5845565"
25.5933278,121.6044416,"121.6044416,25.5933278"
25.6020991,121.61368780000001,"121.61368780000001,25.6020991"
25.6108704,121.6206919,"121.6206919,25.6108704"
25.61964169,121.62560259999998,"121.62560259999998,25.61964169"
25.62841299,121.62856459999999,"121.62856459999999,25.62841299"
25.63718429,121.6297187,"121.6297187,25.63718429"
25.64595559,121.6292023,"121.6292023,25.64595559"
25.65472689,121.62714840000001,"121.62714840000001,25.65472689"
25.66349819,121.6236862,"121.6236862,25.66349819"
25.67226949,121.61894070000001,"121.61894070000001,25.67226949"
25.68104079,121.61303290000001,"121.61303290000001,25.68104079"
25.68981209,121.60607949999999,"121.60607949999999,25.68981209"
25.69858339,121.598193,"121.598193,25.69858339"
25.70735469,121.5894818,"121.5894818,25.70735469"
25.71612599,121.5800499,"121.5800499,25.71612599"
25.72489729,121.56999679999998,"121.56999679999998,25.72489729"
25.73366859,121.55941809999999,"121.55941809999999,25.73366859"
25.74243989,121.5484048,"121.5484048,25.74243989"
25.75121119,121.5370437,"121.5370437,25.75121119"
25.75998249,121.5254172,"121.5254172,25.75998249"
25.76875379,121.5136037,"121.5136037,25.76875379"
25.77752508,121.501677,"121.501677,25.77752508"
25.78629638,121.48970690000002,"121.48970690000002,25.78629638"
25.79506768,121.477759,"121.477759,25.79506768"
25.80383898,121.4658946,"121.4658946,25.80383898"
25.81261028,121.4541711,"121.4541711,25.81261028"
25.82138158,121.4426418,"121.4426418,25.82138158"
25.83015288,121.43135579999999,"121.43135579999999,25.83015288"
25.83892418,121.42035870000001,"121.42035870000001,25.83892418"
25.84769548,121.40969199999999,"121.40969199999999,25.84769548"
25.85646678,121.3993933,"121.3993933,25.85646678"
25.86523808,121.38949679999999,"121.38949679999999,25.86523808"
25.87400938,121.38003300000001,"121.38003300000001,25.87400938"
25.88278068,121.37102859999999,"121.37102859999999,25.88278068"
25.89155198,121.36250729999999,"121.36250729999999,25.89155198"
25.90032328,121.3544892,"121.3544892,25.90032328"
25.90909458,121.3469913,"121.3469913,25.90909458"
25.91786588,121.34002720000001,"121.34002720000001,25.91786588"
25.92663718,121.3336078,"121.3336078,25.92663718"
25.93540847,121.3277409,"121.3277409,25.93540847"
25.94417977,121.3224315,"121.3224315,25.94417977"
25.95295107,121.31768190000001,"121.31768190000001,25.95295107"
25.96172237,121.31349180000001,"121.31349180000001,25.96172237"
25.97049367,121.30985859999998,"121.30985859999998,25.97049367"
25.97926497,121.30677709999999,"121.30677709999999,25.97926497"
25.98803627,121.3042399,"121.3042399,25.98803627"
25.99680757,121.3022376,"121.3022376,25.99680757"
26.00557887,121.3007588,"121.3007588,26.00557887"
26.01435017,121.29979009999998,"121.29979009999998,26.01435017"
26.02312147,121.29931640000001,"121.29931640000001,26.02312147"
26.03189277,121.29932109999999,"121.29932109999999,26.03189277"
26.04066407,121.29978590000002,"121.29978590000002,26.04066407"
26.04943537,121.30069109999998,"121.30069109999998,26.04943537"
26.05820667,121.30201609999999,"121.30201609999999,26.05820667"
26.06697797,121.3037385,"121.3037385,26.06697797"
26.07574927,121.3058355,"121.3058355,26.07574927"
26.08452056,121.3082831,"121.3082831,26.08452056"
26.09329186,121.3110564,"121.3110564,26.09329186"
26.10206316,121.31413,"121.31413,26.10206316"
26.11083446,121.31747790000001,"121.31747790000001,26.11083446"
26.11960576,121.3210736,"121.3210736,26.11960576"
26.12837706,121.3248902,"121.3248902,26.12837706"
26.13714836,121.32890069999999,"121.32890069999999,26.13714836"
26.14591966,121.3330779,"121.3330779,26.14591966"
26.15469096,121.33739440000001,"121.33739440000001,26.15469096"
26.16346226,121.341823,"121.341823,26.16346226"
26.17223356,121.3463368,"121.3463368,26.17223356"
26.18100486,121.3509088,"121.3509088,26.18100486"
26.18977616,121.3555127,"121.3555127,26.18977616"
26.19854746,121.3601223,"121.3601223,26.19854746"
26.20731876,121.3647122,"121.3647122,26.20731876"
26.21609006,121.36925729999999,"121.36925729999999,26.21609006"
26.22486136,121.3737335,"121.3737335,26.22486136"
26.23363266,121.37811699999999,"121.37811699999999,26.23363266"
26.24240395,121.3823852,"121.3823852,26.24240395"
26.25117525,121.38651609999998,"121.38651609999998,26.25117525"
26.25994655,121.3904888,"121.3904888,26.25994655"
26.26871785,121.39428329999998,"121.39428329999998,26.26871785"
26.27748915,121.3978806,"121.3978806,26.27748915"
26.28626045,121.40126289999999,"121.40126289999999,26.28626045"
26.29503175,121.40441329999999,"121.40441329999999,26.29503175"
26.30380305,121.40731640000001,"121.40731640000001,26.30380305"
26.31257435,121.40995790000001,"121.40995790000001,26.31257435"
26.32134565,121.41232439999999,"121.41232439999999,26.32134565"
26.33011695,121.4144043,"121.4144043,26.33011695"
26.33888825,121.4161869,"121.4161869,26.33888825"
26.34765955,121.41766299999999,"121.41766299999999,26.34765955"
26.35643085,121.4188248,"121.4188248,26.35643085"
26.36520215,121.41966550000001,"121.41966550000001,26.36520215"
26.37397345,121.42018,"121.42018,26.37397345"
26.38274475,121.4203645,"121.4203645,26.38274475"
26.39151605,121.42021650000001,"121.42021650000001,26.39151605"
26.40028734,121.4197347,"121.4197347,26.40028734"
26.40905864,121.41891940000001,"121.41891940000001,26.40905864"
26.41782994,121.4177722,"121.4177722,26.41782994"
26.42660124,121.41629590000001,"121.41629590000001,26.42660124"
26.43537254,121.41449479999999,"121.41449479999999,26.43537254"
26.44414384,121.4123742,"121.4123742,26.44414384"
26.45291514,121.40994099999999,"121.40994099999999,26.45291514"
26.46168644,121.40720309999999,"121.40720309999999,26.46168644"
26.47045774,121.4041697,"121.4041697,26.47045774"
26.47922904,121.4008513,"121.4008513,26.47922904"
26.48800034,121.39725929999999,"121.39725929999999,26.48800034"
26.49677164,121.3934064,"121.3934064,26.49677164"
26.50554294,121.3893063,"121.3893063,26.50554294"
26.51431424,121.38497379999998,"121.38497379999998,26.51431424"
26.52308554,121.3804244,"121.3804244,26.52308554"
26.53185684,121.375675,"121.375675,26.53185684"
26.54062814,121.37074299999999,"121.37074299999999,26.54062814"
26.54939944,121.3656468,"121.3656468,26.54939944"
26.55817073,121.3604055,"121.3604055,26.55817073"
26.56694203,121.35503909999998,"121.35503909999998,26.56694203"
26.57571333,121.34956809999998,"121.34956809999998,26.57571333"
26.58448463,121.3440136,"121.3440136,26.58448463"
26.59325593,121.33839750000001,"121.33839750000001,26.59325593"
26.60202723,121.3327419,"121.3327419,26.60202723"
26.61079853,121.32706950000001,"121.32706950000001,26.61079853"
26.61956983,121.32140349999999,"121.32140349999999,26.61956983"
26.62834113,121.315767,"121.315767,26.62834113"
26.63711243,121.31018390000001,"121.31018390000001,26.63711243"
26.64588373,121.30467800000001,"121.30467800000001,26.64588373"
26.65465503,121.2992732,"121.2992732,26.65465503"
26.66342633,121.2939935,"121.2939935,26.66342633"
26.67219763,121.2888632,"121.2888632,26.67219763"
26.68096893,121.2839061,"121.2839061,26.68096893"
26.68974023,121.2791462,"121.2791462,26.68974023"
26.69851153,121.27460729999999,"121.27460729999999,26.69851153"
26.70728282,121.2703129,"121.2703129,26.70728282"
26.71605412,121.2662862,"121.2662862,26.71605412"
26.72482542,121.2625502,"121.2625502,26.72482542"
26.73359672,121.2591273,"121.2591273,26.73359672"
26.74236802,121.2560396,"121.2560396,26.74236802"
26.75113932,121.2533087,"121.2533087,26.75113932"
26.75991062,121.25095559999998,"121.25095559999998,26.75991062"
26.76868192,121.2490006,"121.2490006,26.76868192"
26.77745322,121.24746359999999,"121.24746359999999,26.77745322"
26.78622452,121.2463635,"121.2463635,26.78622452"
26.79499582,121.2457186,"121.2457186,26.79499582"
26.80376712,121.24554640000001,"121.24554640000001,26.80376712"
26.81253842,121.24586370000002,"121.24586370000002,26.81253842"
26.82130972,121.2466861,"121.2466861,26.82130972"
26.83008102,121.2480287,"121.2480287,26.83008102"
26.83885232,121.24990520000001,"121.24990520000001,26.83885232"
26.84762362,121.2523287,"121.2523287,26.84762362"
26.85639492,121.2553112,"121.2553112,26.85639492"
26.86516621,121.2588635,"121.2588635,26.86516621"
26.87393751,121.2629955,"121.2629955,26.87393751"
26.88270881,121.26771609999999,"121.26771609999999,26.88270881"
26.89148011,121.27303290000002,"121.27303290000002,26.89148011"
26.90025141,121.2789524,"121.2789524,26.90025141"
26.90902271,121.28548020000001,"121.28548020000001,26.90902271"
26.91779401,121.29262040000002,"121.29262040000002,26.91779401"
26.92656531,121.3003761,"121.3003761,26.92656531"
26.93533661,121.3087495,"121.3087495,26.93533661"
26.94410791,121.31774109999998,"121.31774109999998,26.94410791"
26.95287921,121.3273507,"121.3273507,26.95287921"
26.96165051,121.33757659999998,"121.33757659999998,26.96165051"
26.97042181,121.3484162,"121.3484162,26.97042181"
26.97919311,121.3598655,"121.3598655,26.97919311"
26.98796441,121.3719195,"121.3719195,26.98796441"
26.99673571,121.3845719,"121.3845719,26.99673571"
27.00550701,121.39781550000001,"121.39781550000001,27.00550701"
27.01427831,121.41164170000002,"121.41164170000002,27.01427831"
27.023049600000004,121.42604109999998,"121.42604109999998,27.023049600000004"
27.031820899999996,121.44100290000002,"121.44100290000002,27.031820899999996"
27.040592200000003,121.45651550000001,"121.45651550000001,27.040592200000003"
27.049363500000002,121.47256599999999,"121.47256599999999,27.049363500000002"
27.0581348,121.4891409,"121.4891409,27.0581348"
27.066906099999997,121.5062253,"121.5062253,27.066906099999997"
27.075677399999996,121.52380349999999,"121.52380349999999,27.075677399999996"
27.084448699999996,121.541859,"121.541859,27.084448699999996"
27.093220000000002,121.56037420000001,"121.56037420000001,27.093220000000002"
27.1019913,121.5793308,"121.5793308,27.1019913"
27.110762599999997,121.5987097,"121.5987097,27.110762599999997"
27.119533899999997,121.6184909,"121.6184909,27.119533899999997"
27.128305199999996,121.6386538,"121.6386538,27.128305199999996"
27.137076500000003,121.659177,"121.659177,27.137076500000003"
27.1458478,121.6800385,"121.6800385,27.1458478"
27.154619099999998,121.7012157,"121.7012157,27.154619099999998"
27.163390399999997,121.7226855,"121.7226855,27.163390399999997"
27.17216169,121.744424,"121.744424,27.17216169"
27.18093299,121.76640729999998,"121.76640729999998,27.18093299"
27.18970429,121.7886107,"121.7886107,27.18970429"
27.19847559,121.81100929999998,"121.81100929999998,27.19847559"
27.20724689,121.83357779999999,"121.83357779999999,27.20724689"
27.21601819,121.85629070000002,"121.85629070000002,27.21601819"
27.22478949,121.8791223,"121.8791223,27.22478949"
27.23356079,121.90204650000001,"121.90204650000001,27.23356079"
27.24233209,121.92503729999999,"121.92503729999999,27.24233209"
27.25110339,121.9480687,"121.9480687,27.25110339"
27.25987469,121.9711145,"121.9711145,27.25987469"
27.26864599,121.99414850000001,"121.99414850000001,27.26864599"
27.27741729,122.01714469999999,"122.01714469999999,27.27741729"
27.28618859,122.04007709999999,"122.04007709999999,27.28618859"
27.29495989,122.06292009999999,"122.06292009999999,27.29495989"
27.30373119,122.08564809999999,"122.08564809999999,27.30373119"
27.31250249,122.10823590000001,"122.10823590000001,27.31250249"
27.32127379,122.1306585,"122.1306585,27.32127379"
27.33004508,122.1528913,"122.1528913,27.33004508"
27.33881638,122.1749102,"122.1749102,27.33881638"
27.34758768,122.1966914,"122.1966914,27.34758768"
27.35635898,122.2182118,"122.2182118,27.35635898"
27.36513028,122.2394486,"122.2394486,27.36513028"
27.37390158,122.2603797,"122.2603797,27.37390158"
27.38267288,122.28098359999998,"122.28098359999998,27.38267288"
27.39144418,122.30123950000001,"122.30123950000001,27.39144418"
27.40021548,122.3211272,"122.3211272,27.40021548"
27.40898678,122.34062720000001,"122.34062720000001,27.40898678"
27.41775808,122.3597209,"122.3597209,27.41775808"
27.42652938,122.37839029999999,"122.37839029999999,27.42652938"
27.43530068,122.39661840000001,"122.39661840000001,27.43530068"
27.44407198,122.4143888,"122.4143888,27.44407198"
27.45284328,122.4316862,"122.4316862,27.45284328"
27.46161458,122.44849599999999,"122.44849599999999,27.46161458"
27.47038588,122.4648048,"122.4648048,27.47038588"
27.47915718,122.4805997,"122.4805997,27.47915718"
27.48792847,122.495869,"122.495869,27.48792847"
27.49669977,122.5106021,"122.5106021,27.49669977"
27.50547107,122.52478909999998,"122.52478909999998,27.50547107"
27.51424237,122.5384212,"122.5384212,27.51424237"
27.52301367,122.55149070000002,"122.55149070000002,27.52301367"
27.53178497,122.5639906,"122.5639906,27.53178497"
27.54055627,122.57591529999999,"122.57591529999999,27.54055627"
27.54932757,122.58725990000002,"122.58725990000002,27.54932757"
27.55809887,122.5980206,"122.5980206,27.55809887"
27.56687017,122.60819479999999,"122.60819479999999,27.56687017"
27.57564147,122.6177807,"122.6177807,27.57564147"
27.58441277,122.62677749999999,"122.62677749999999,27.58441277"
27.59318407,122.63518549999999,"122.63518549999999,27.59318407"
27.60195537,122.643006,"122.643006,27.60195537"
27.61072667,122.65024109999999,"122.65024109999999,27.61072667"
27.61949797,122.65689409999999,"122.65689409999999,27.61949797"
27.62826927,122.66296909999998,"122.66296909999998,27.62826927"
27.63704056,122.6684712,"122.6684712,27.63704056"
27.64581186,122.67340630000001,"122.67340630000001,27.64581186"
27.65458316,122.6777814,"122.6777814,27.65458316"
27.66335446,122.68160420000001,"122.68160420000001,27.66335446"
27.67212576,122.68488329999998,"122.68488329999998,27.67212576"
27.68089706,122.6876282,"122.6876282,27.68089706"
27.68966836,122.68984909999999,"122.68984909999999,27.68966836"
27.69843966,122.691557,"122.691557,27.69843966"
27.70721096,122.69276370000001,"122.69276370000001,27.70721096"
27.71598226,122.6934817,"122.6934817,27.71598226"
27.72475356,122.693724,"122.693724,27.72475356"
27.73352486,122.69350449999999,"122.69350449999999,27.73352486"
27.74229616,122.69283770000001,"122.69283770000001,27.74229616"
27.75106746,122.6917384,"122.6917384,27.75106746"
27.75983876,122.6902223,"122.6902223,27.75983876"
27.76861006,122.6883054,"122.6883054,27.76861006"
27.77738136,122.68600420000001,"122.68600420000001,27.77738136"
27.78615266,122.6833357,"122.6833357,27.78615266"
27.79492395,122.6803173,"122.6803173,27.79492395"
27.80369525,122.6769666,"122.6769666,27.80369525"
27.81246655,122.67330159999999,"122.67330159999999,27.81246655"
27.82123785,122.6693408,"122.6693408,27.82123785"
27.83000915,122.66510259999998,"122.66510259999998,27.83000915"
27.83878045,122.6606057,"122.6606057,27.83878045"
27.84755175,122.65586909999999,"122.65586909999999,27.84755175"
27.85632305,122.6509118,"122.6509118,27.85632305"
27.86509435,122.6457529,"122.6457529,27.86509435"
27.87386565,122.6404115,"122.6404115,27.87386565"
27.88263695,122.6349067,"122.6349067,27.88263695"
27.89140825,122.6292578,"122.6292578,27.89140825"
27.90017955,122.62348359999999,"122.62348359999999,27.90017955"
27.90895085,122.6176031,"122.6176031,27.90895085"
27.91772215,122.611635,"122.611635,27.91772215"
27.92649345,122.605598,"122.605598,27.92649345"
27.93526475,122.59951029999999,"122.59951029999999,27.93526475"
27.94403605,122.59339009999998,"122.59339009999998,27.94403605"
27.95280734,122.587255,"122.587255,27.95280734"
27.96157864,122.5811227,"122.5811227,27.96157864"
27.97034994,122.5750101,"122.5750101,27.97034994"
27.97912124,122.56893400000001,"122.56893400000001,27.97912124"
27.98789254,122.5629107,"122.5629107,27.98789254"
27.99666384,122.556956,"122.556956,27.99666384"
28.00543514,122.55108529999998,"122.55108529999998,28.00543514"
28.01420644,122.5453135,"122.5453135,28.01420644"
28.02297774,122.5396548,"122.5396548,28.02297774"
28.03174904,122.53412309999999,"122.53412309999999,28.03174904"
28.04052034,122.52873159999999,"122.52873159999999,28.04052034"
28.04929164,122.5234929,"122.5234929,28.04929164"
28.05806294,122.51841909999999,"122.51841909999999,28.05806294"
28.06683424,122.51352150000001,"122.51352150000001,28.06683424"
28.07560554,122.50881090000001,"122.50881090000001,28.07560554"
28.08437684,122.5042973,"122.5042973,28.08437684"
28.09314814,122.4999902,"122.4999902,28.09314814"
28.10191944,122.49589840000002,"122.49589840000002,28.10191944"
28.11069073,122.4920299,"122.4920299,28.11069073"
28.11946203,122.48839199999999,"122.48839199999999,28.11946203"
28.12823333,122.4849915,"122.4849915,28.12823333"
28.13700463,122.4818342,"122.4818342,28.13700463"
28.14577593,122.47892549999999,"122.47892549999999,28.14577593"
28.15454723,122.47627,"122.47627,28.15454723"
28.16331853,122.4738713,"122.4738713,28.16331853"
28.17208983,122.4717327,"122.4717327,28.17208983"
28.18086113,122.46985670000001,"122.46985670000001,28.18086113"
28.18963243,122.468245,"122.468245,28.18963243"
28.19840373,122.46689860000001,"122.46689860000001,28.19840373"
28.20717503,122.46581809999999,"122.46581809999999,28.20717503"
28.21594633,122.465003,"122.465003,28.21594633"
28.22471763,122.4644525,"122.4644525,28.22471763"
28.23348893,122.46416509999999,"122.46416509999999,28.23348893"
28.24226023,122.4641386,"122.4641386,28.24226023"
28.25103153,122.4643702,"122.4643702,28.25103153"
28.25980282,122.46485659999999,"122.46485659999999,28.25980282"
28.26857412,122.4655939,"122.4655939,28.26857412"
28.27734542,122.46657759999998,"122.46657759999998,28.27734542"
28.28611672,122.46780259999998,"122.46780259999998,28.28611672"
28.29488802,122.46926359999999,"122.46926359999999,28.29488802"
28.30365932,122.47095459999998,"122.47095459999998,28.30365932"
28.31243062,122.4728692,"122.4728692,28.31243062"
28.32120192,122.4750004,"122.4750004,28.32120192"
28.32997322,122.4773412,"122.4773412,28.32997322"
28.33874452,122.4798838,"122.4798838,28.33874452"
28.34751582,122.48262040000002,"122.48262040000002,28.34751582"
28.35628712,122.4855428,"122.4855428,28.35628712"
28.36505842,122.4886422,"122.4886422,28.36505842"
28.37382972,122.4919101,"122.4919101,28.37382972"
28.38260102,122.49533729999999,"122.49533729999999,28.38260102"
28.39137232,122.49891470000001,"122.49891470000001,28.39137232"
28.40014362,122.50263290000001,"122.50263290000001,28.40014362"
28.40891492,122.50648249999999,"122.50648249999999,28.40891492"
28.41768621,122.5104538,"122.5104538,28.41768621"
28.42645751,122.51453729999999,"122.51453729999999,28.42645751"
28.43522881,122.51872320000001,"122.51872320000001,28.43522881"
28.44400011,122.52300190000001,"122.52300190000001,28.44400011"
28.45277141,122.52736370000001,"122.52736370000001,28.45277141"
28.46154271,122.53179920000001,"122.53179920000001,28.46154271"
28.47031401,122.5362987,"122.5362987,28.47031401"
28.47908531,122.540853,"122.540853,28.47908531"
28.48785661,122.54545290000002,"122.54545290000002,28.48785661"
28.49662791,122.5500893,"122.5500893,28.49662791"
28.50539921,122.55475349999999,"122.55475349999999,28.50539921"
28.51417051,122.55943700000002,"122.55943700000002,28.51417051"
28.52294181,122.56413140000001,"122.56413140000001,28.52294181"
28.53171311,122.56882879999999,"122.56882879999999,28.53171311"
28.54048441,122.57352150000001,"122.57352150000001,28.54048441"
28.54925571,122.5782023,"122.5782023,28.54925571"
28.55802701,122.58286409999998,"122.58286409999998,28.55802701"
28.56679831,122.5875006,"122.5875006,28.56679831"
28.575569599999998,122.59210549999999,"122.59210549999999,28.575569599999998"
28.584340899999997,122.5966733,"122.5966733,28.584340899999997"
28.593112199999997,122.6011986,"122.6011986,28.593112199999997"
28.601883500000003,122.6056768,"122.6056768,28.601883500000003"
28.610654800000002,122.6101037,"122.6101037,28.610654800000002"
28.6194261,122.61447539999999,"122.61447539999999,28.6194261"
28.628197399999998,122.61878899999999,"122.61878899999999,28.628197399999998"
28.636968699999997,122.6230415,"122.6230415,28.636968699999997"
28.645740000000004,122.6272311,"122.6272311,28.645740000000004"
28.654511300000003,122.63135600000001,"122.63135600000001,28.654511300000003"
28.6632826,122.63541540000001,"122.63541540000001,28.6632826"
28.672053899999998,122.63940890000002,"122.63940890000002,28.672053899999998"
28.680825199999997,122.6433366,"122.6433366,28.680825199999997"
28.689596500000004,122.6471993,"122.6471993,28.689596500000004"
28.6983678,122.6509983,"122.6509983,28.6983678"
28.7071391,122.6547356,"122.6547356,28.7071391"
28.7159104,122.65841370000001,"122.65841370000001,28.7159104"
28.72468169,122.6620358,"122.6620358,28.72468169"
28.73345299,122.6656055,"122.6656055,28.73345299"
28.74222429,122.6691272,"122.6691272,28.74222429"
28.75099559,122.67260549999999,"122.67260549999999,28.75099559"
28.75976689,122.6760461,"122.6760461,28.75976689"
28.76853819,122.67945470000001,"122.67945470000001,28.76853819"
28.77730949,122.6828379,"122.6828379,28.77730949"
28.78608079,122.68620279999999,"122.68620279999999,28.78608079"
28.79485209,122.6895567,"122.6895567,28.79485209"
28.80362339,122.6929078,"122.6929078,28.80362339"
28.81239469,122.69626459999999,"122.69626459999999,28.81239469"
28.82116599,122.69963590000002,"122.69963590000002,28.82116599"
28.82993729,122.7030312,"122.7030312,28.82993729"
28.83870859,122.7064602,"122.7064602,28.83870859"
28.84747989,122.70993329999999,"122.70993329999999,28.84747989"
28.85625119,122.71346080000001,"122.71346080000001,28.85625119"
28.86502249,122.71705370000001,"122.71705370000001,28.86502249"
28.87379379,122.7207233,"122.7207233,28.87379379"
28.88256508,122.72448100000001,"122.72448100000001,28.88256508"
28.89133638,122.7283386,"122.7283386,28.89133638"
28.90010768,122.7323081,"122.7323081,28.90010768"
28.90887898,122.7364017,"122.7364017,28.90887898"
28.91765028,122.7406318,"122.7406318,28.91765028"
28.92642158,122.7450108,"122.7450108,28.92642158"
28.93519288,122.7495514,"122.7495514,28.93519288"
28.94396418,122.7542663,"122.7542663,28.94396418"
28.95273548,122.7591682,"122.7591682,28.95273548"
28.96150678,122.76426979999998,"122.76426979999998,28.96150678"
28.97027808,122.76958379999999,"122.76958379999999,28.97027808"
28.97904938,122.7751229,"122.7751229,28.97904938"
28.98782068,122.7808996,"122.7808996,28.98782068"
28.99659198,122.7869264,"122.7869264,28.99659198"
29.00536328,122.79321540000001,"122.79321540000001,29.00536328"
29.01413458,122.7997787,"122.7997787,29.01413458"
29.02290588,122.8066282,"122.8066282,29.02290588"
29.03167718,122.8137753,"122.8137753,29.03167718"
29.04044847,122.82123130000001,"122.82123130000001,29.04044847"
29.04921977,122.829007,"122.829007,29.04921977"
29.05799107,122.83711310000001,"122.83711310000001,29.05799107"
29.06676237,122.84555959999999,"122.84555959999999,29.06676237"
29.07553367,122.8543562,"122.8543562,29.07553367"
29.08430497,122.86351200000001,"122.86351200000001,29.08430497"
29.09307627,122.87303590000002,"122.87303590000002,29.09307627"
29.10184757,122.88293600000002,"122.88293600000002,29.10184757"
29.11061887,122.89321979999998,"122.89321979999998,29.11061887"
29.11939017,122.90389440000001,"122.90389440000001,29.11939017"
29.12816147,122.91496629999999,"122.91496629999999,29.12816147"
29.13693277,122.9264412,"122.9264412,29.13693277"
29.14570407,122.93832409999999,"122.93832409999999,29.14570407"
29.15447537,122.9506195,"122.9506195,29.15447537"
29.16324667,122.96333119999998,"122.96333119999998,29.16324667"
29.17201797,122.97646189999999,"122.97646189999999,29.17201797"
29.18078927,122.99001399999999,"122.99001399999999,29.18078927"
29.18956056,123.0039889,"123.0039889,29.18956056"
29.19833186,123.0183871,"123.0183871,29.19833186"
29.20710316,123.0332086,"123.0332086,29.20710316"
29.21587446,123.04845230000001,"123.04845230000001,29.21587446"
29.22464576,123.0641163,"123.0641163,29.22464576"
29.23341706,123.08019809999999,"123.08019809999999,29.23341706"
29.24218836,123.0966941,"123.0966941,29.24218836"
29.25095966,123.11359990000001,"123.11359990000001,29.25095966"
29.25973096,123.13091010000001,"123.13091010000001,29.25973096"
29.26850226,123.14861880000001,"123.14861880000001,29.26850226"
29.27727356,123.1667189,"123.1667189,29.27727356"
29.28604486,123.18520249999999,"123.18520249999999,29.28604486"
29.29481616,123.20406080000001,"123.20406080000001,29.29481616"
29.30358746,123.22328429999999,"123.22328429999999,29.30358746"
29.31235876,123.2428625,"123.2428625,29.31235876"
29.32113006,123.26278390000002,"123.26278390000002,29.32113006"
29.32990136,123.28303659999999,"123.28303659999999,29.32990136"
29.33867266,123.30360729999998,"123.30360729999998,29.33867266"
29.34744395,123.32448219999999,"123.32448219999999,29.34744395"
29.35621525,123.34564679999998,"123.34564679999998,29.35621525"
29.36498655,123.3670855,"123.3670855,29.36498655"
29.37375785,123.3887821,"123.3887821,29.37375785"
29.38252915,123.4107196,"123.4107196,29.38252915"
29.39130045,123.43288030000001,"123.43288030000001,29.39130045"
29.40007175,123.45524579999999,"123.45524579999999,29.40007175"
29.40884305,123.4777969,"123.4777969,29.40884305"
29.41761435,123.50051380000001,"123.50051380000001,29.41761435"
29.42638565,123.5233761,"123.5233761,29.42638565"
29.43515695,123.5463628,"123.5463628,29.43515695"
29.44392825,123.56945220000001,"123.56945220000001,29.44392825"
29.45269955,123.5926223,"123.5926223,29.45269955"
29.46147085,123.6158503,"123.6158503,29.46147085"
29.47024215,123.6391132,"123.6391132,29.47024215"
29.47901345,123.66238729999999,"123.66238729999999,29.47901345"
29.48778475,123.6856487,"123.6856487,29.48778475"
29.49655605,123.708873,"123.708873,29.49655605"
29.50532734,123.73203570000001,"123.73203570000001,29.50532734"
29.51409864,123.75511170000001,"123.75511170000001,29.51409864"
29.52286994,123.778076,"123.778076,29.52286994"
29.53164124,123.800903,"123.800903,29.53164124"
29.54041254,123.8235673,"123.8235673,29.54041254"
29.54918384,123.8460432,"123.8460432,29.54918384"
29.55795514,123.8683051,"123.8683051,29.55795514"
29.56672644,123.8903271,"123.8903271,29.56672644"
29.57549774,123.91208359999999,"123.91208359999999,29.57549774"
29.58426904,123.9335489,"123.9335489,29.58426904"
29.59304034,123.95469750000001,"123.95469750000001,29.59304034"
29.60181164,123.9755039,"123.9755039,29.60181164"
29.61058294,123.99594309999999,"123.99594309999999,29.61058294"
29.61935424,124.0159902,"124.0159902,29.61935424"
29.62812554,124.03562040000001,"124.03562040000001,29.62812554"
29.63689684,124.05480940000001,"124.05480940000001,29.63689684"
29.64566814,124.0735335,"124.0735335,29.64566814"
29.65443944,124.0917692,"124.0917692,29.65443944"
29.66321073,124.10949340000002,"124.10949340000002,29.66321073"
29.67198203,124.1266837,"124.1266837,29.67198203"
29.68075333,124.14331809999999,"124.14331809999999,29.68075333"
29.68952463,124.1593755,"124.1593755,29.68952463"
29.69829593,124.17483519999999,"124.17483519999999,29.69829593"
29.70706723,124.1896771,"124.1896771,29.70706723"
29.71583853,124.2038822,"124.2038822,29.71583853"
29.72460983,124.2174318,"124.2174318,29.72460983"
29.73338113,124.23030849999999,"124.23030849999999,29.73338113"
29.74215243,124.24249540000001,"124.24249540000001,29.74215243"
29.75092373,124.2539765,"124.2539765,29.75092373"
29.75969503,124.26473700000001,"124.26473700000001,29.75969503"
29.76846633,124.27476259999999,"124.27476259999999,29.76846633"
29.77723763,124.28404040000001,"124.28404040000001,29.77723763"
29.78600893,124.29255819999999,"124.29255819999999,29.78600893"
29.79478023,124.3003051,"124.3003051,29.79478023"
29.80355153,124.307271,"124.307271,29.80355153"
29.81232282,124.31344709999999,"124.31344709999999,29.81232282"
29.82109412,124.31882549999999,"124.31882549999999,29.82109412"
29.82986542,124.3233997,"124.3233997,29.82986542"
29.83863672,124.32716409999998,"124.32716409999998,29.83863672"
29.84740802,124.33011440000001,"124.33011440000001,29.84740802"
29.85617932,124.33224740000001,"124.33224740000001,29.85617932"
29.86495062,124.33356119999999,"124.33356119999999,29.86495062"
29.87372192,124.3340551,"124.3340551,29.87372192"
29.88249322,124.3337294,"124.3337294,29.88249322"
29.89126452,124.33258590000001,"124.33258590000001,29.89126452"
29.90003582,124.3306274,"124.3306274,29.90003582"
29.90880712,124.3278582,"124.3278582,29.90880712"
29.91757842,124.32428359999999,"124.32428359999999,29.91757842"
29.92634972,124.3199101,"124.3199101,29.92634972"
29.93512102,124.31474569999999,"124.31474569999999,29.93512102"
29.94389232,124.3087993,"124.3087993,29.94389232"
29.95266362,124.30208119999999,"124.30208119999999,29.95266362"
29.96143492,124.29460279999999,"124.29460279999999,29.96143492"
29.97020621,124.2863768,"124.2863768,29.97020621"
29.97897751,124.27741699999999,"124.27741699999999,29.97897751"
29.98774881,124.26773840000001,"124.26773840000001,29.98774881"
29.99652011,124.25735700000001,"124.25735700000001,29.99652011"
30.00529141,124.24629009999998,"124.24629009999998,30.00529141"
30.01406271,124.23455600000001,"124.23455600000001,30.01406271"
30.02283401,124.22217409999999,"124.22217409999999,30.02283401"
30.03160531,124.20916470000002,"124.20916470000002,30.03160531"
30.04037661,124.19554939999999,"124.19554939999999,30.04037661"
30.04914791,124.1813506,"124.1813506,30.04914791"
30.05791921,124.1665916,"124.1665916,30.05791921"
30.06669051,124.15129669999999,"124.15129669999999,30.06669051"
30.07546181,124.13549109999998,"124.13549109999998,30.07546181"
30.08423311,124.1192007,"124.1192007,30.08423311"
30.09300441,124.10245249999998,"124.10245249999998,30.09300441"
30.10177571,124.0852739,"124.0852739,30.10177571"
30.11054701,124.0676933,"124.0676933,30.11054701"
30.11931831,124.04973970000002,"124.04973970000002,30.11931831"
30.1280896,124.03144259999999,"124.03144259999999,30.1280896"
30.1368609,124.01283219999999,"124.01283219999999,30.1368609"
30.145632199999998,123.9939393,"123.9939393,30.145632199999998"
30.154403499999997,123.974795,"123.974795,30.154403499999997"
30.163174800000004,123.9554311,"123.9554311,30.163174800000004"
30.1719461,123.93587959999999,"123.93587959999999,30.1719461"
30.1807174,123.9161729,"123.9161729,30.1807174"
30.1894887,123.8963436,"123.8963436,30.1894887"
30.198259999999998,123.8764247,"123.8764247,30.198259999999998"
30.207031300000004,123.85644930000001,"123.85644930000001,30.207031300000004"
30.2158026,123.8364506,"123.8364506,30.2158026"
30.2245739,123.8164619,"123.8164619,30.2245739"
30.2333452,123.7965166,"123.7965166,30.2333452"
30.242116499999998,123.7766479,"123.7766479,30.242116499999998"
30.2508878,123.75688909999998,"123.75688909999998,30.2508878"
30.2596591,123.7372732,"123.7372732,30.2596591"
30.2684304,123.71783310000001,"123.71783310000001,30.2684304"
30.27720169,123.6986015,"123.6986015,30.27720169"
30.28597299,123.67961070000001,"123.67961070000001,30.28597299"
30.29474429,123.66089270000002,"123.66089270000002,30.29474429"
30.30351559,123.64247900000001,"123.64247900000001,30.30351559"
30.31228689,123.62440079999999,"123.62440079999999,30.31228689"
30.32105819,123.6066888,"123.6066888,30.32105819"
30.32982949,123.5893729,"123.5893729,30.32982949"
30.33860079,123.57248270000001,"123.57248270000001,30.33860079"
30.34737209,123.5560469,"123.5560469,30.34737209"
30.35614339,123.54009369999999,"123.54009369999999,30.35614339"
30.36491469,123.5246503,"123.5246503,30.36491469"
30.37368599,123.50974340000002,"123.50974340000002,30.37368599"
30.38245729,123.49539879999999,"123.49539879999999,30.38245729"
30.39122859,123.48164109999999,"123.48164109999999,30.39122859"
30.39999989,123.4684945,"123.4684945,30.39999989"
30.40877119,123.45598190000001,"123.45598190000001,30.40877119"
30.41754249,123.44412520000002,"123.44412520000002,30.41754249"
30.42631379,123.43294540000001,"123.43294540000001,30.42631379"
30.43508508,123.4224624,"123.4224624,30.43508508"
30.44385638,123.4126951,"123.4126951,30.44385638"
30.45262768,123.40366110000001,"123.40366110000001,30.45262768"
30.46139898,123.3953769,"123.3953769,30.46139898"
30.47017028,123.38785800000001,"123.38785800000001,30.47017028"
30.47894158,123.3811183,"123.3811183,30.47894158"
30.48771288,123.3751709,"123.3751709,30.48771288"
30.49648418,123.37002749999999,"123.37002749999999,30.49648418"
30.50525548,123.36569840000001,"123.36569840000001,30.50525548"
30.51402678,123.3621928,"123.3621928,30.51402678"
30.52279808,123.3595186,"123.3595186,30.52279808"
30.53156938,123.35768229999998,"123.35768229999998,30.53156938"
30.54034068,123.3566892,"123.3566892,30.54034068"
30.54911198,123.3565432,"123.3565432,30.54911198"
30.55788328,123.35724679999998,"123.35724679999998,30.55788328"
30.56665458,123.35880139999999,"123.35880139999999,30.56665458"
30.57542588,123.36120690000001,"123.36120690000001,30.57542588"
30.58419718,123.3644621,"123.3644621,30.58419718"
30.59296847,123.36856409999999,"123.36856409999999,30.59296847"
30.60173977,123.37350900000001,"123.37350900000001,30.60173977"
30.61051107,123.3792916,"123.3792916,30.61051107"
30.61928237,123.38590520000001,"123.38590520000001,30.61928237"
30.62805367,123.39334209999998,"123.39334209999998,30.62805367"
30.63682497,123.40159309999999,"123.40159309999999,30.63682497"
30.64559627,123.410648,"123.410648,30.64559627"
30.65436757,123.42049509999998,"123.42049509999998,30.65436757"
30.66313887,123.43112169999999,"123.43112169999999,30.66313887"
30.67191017,123.4425139,"123.4425139,30.67191017"
30.68068147,123.4546567,"123.4546567,30.68068147"
30.68945277,123.4675338,"123.4675338,30.68945277"
30.69822407,123.481128,"123.481128,30.69822407"
30.70699537,123.495421,"123.495421,30.70699537"
30.71576667,123.51039340000001,"123.51039340000001,30.71576667"
30.72453797,123.526025,"123.526025,30.72453797"
30.73330927,123.5422943,"123.5422943,30.73330927"
30.74208056,123.5591794,"123.5591794,30.74208056"
30.75085186,123.57665700000001,"123.57665700000001,30.75085186"
30.75962316,123.5947033,"123.5947033,30.75962316"
30.76839446,123.61329369999999,"123.61329369999999,30.76839446"
30.77716576,123.6324027,"123.6324027,30.77716576"
30.78593706,123.6520043,"123.6520043,30.78593706"
30.79470836,123.6720716,"123.6720716,30.79470836"
30.80347966,123.69257730000001,"123.69257730000001,30.80347966"
30.81225096,123.71349350000001,"123.71349350000001,30.81225096"
30.82102226,123.73479170000002,"123.73479170000002,30.82102226"
30.82979356,123.75644309999998,"123.75644309999998,30.82979356"
30.83856486,123.7784184,"123.7784184,30.83856486"
30.84733616,123.8006879,"123.8006879,30.84733616"
30.85610746,123.8232216,"123.8232216,30.85610746"
30.86487876,123.8459893,"123.8459893,30.86487876"
30.87365006,123.8689607,"123.8689607,30.87365006"
30.88242136,123.892105,"123.892105,30.88242136"
30.89119266,123.91539170000001,"123.91539170000001,30.89119266"
30.89996395,123.93879,"123.93879,30.89996395"
30.90873525,123.96226909999999,"123.96226909999999,30.90873525"
30.91750655,123.98579840000002,"123.98579840000002,30.91750655"
30.92627785,124.00934720000001,"124.00934720000001,30.92627785"
30.93504915,124.0328852,"124.0328852,30.93504915"
30.94382045,124.0563821,"124.0563821,30.94382045"
30.95259175,124.07980790000002,"124.07980790000002,30.95259175"
30.96136305,124.10313290000002,"124.10313290000002,30.96136305"
30.97013435,124.1263278,"124.1263278,30.97013435"
30.97890565,124.1493635,"124.1493635,30.97890565"
30.98767695,124.1722115,"124.1722115,30.98767695"
30.99644825,124.19484380000002,"124.19484380000002,30.99644825"
31.00521955,124.21723290000001,"124.21723290000001,31.00521955"
31.01399085,124.23935159999998,"124.23935159999998,31.01399085"
31.02276215,124.2611738,"124.2611738,31.02276215"
31.03153345,124.28267360000001,"124.28267360000001,31.03153345"
31.04030475,124.3038259,"124.3038259,31.04030475"
31.04907605,124.32460640000001,"124.32460640000001,31.04907605"
31.05784734,124.34499140000001,"124.34499140000001,31.05784734"
31.06661864,124.36495819999999,"124.36495819999999,31.06661864"
31.07538994,124.3844847,"124.3844847,31.07538994"
31.08416124,124.4035498,"124.4035498,31.08416124"
31.09293254,124.422133,"124.422133,31.09293254"
31.10170384,124.4402149,"124.4402149,31.10170384"
31.11047514,124.45777700000001,"124.45777700000001,31.11047514"
31.11924644,124.4748017,"124.4748017,31.11924644"
31.12801774,124.49127240000001,"124.49127240000001,31.12801774"
31.13678904,124.50717320000001,"124.50717320000001,31.13678904"
31.14556034,124.52248970000001,"124.52248970000001,31.14556034"
31.15433164,124.537208,"124.537208,31.15433164"
31.16310294,124.55131540000001,"124.55131540000001,31.16310294"
31.17187424,124.56480020000001,"124.56480020000001,31.17187424"
31.18064554,124.5776518,"124.5776518,31.18064554"
31.18941684,124.5898605,"124.5898605,31.18941684"
31.19818814,124.60141780000001,"124.60141780000001,31.19818814"
31.20695944,124.6123159,"124.6123159,31.20695944"
31.21573073,124.62254840000001,"124.62254840000001,31.21573073"
31.22450203,124.6321098,"124.6321098,31.22450203"
31.23327333,124.64099540000001,"124.64099540000001,31.23327333"
31.24204463,124.64920179999999,"124.64920179999999,31.24204463"
31.25081593,124.65672649999999,"124.65672649999999,31.25081593"
31.25958723,124.6635679,"124.6635679,31.25958723"
31.26835853,124.66972549999998,"124.66972549999998,31.26835853"
31.27712983,124.6751997,"124.6751997,31.27712983"
31.28590113,124.67999180000001,"124.67999180000001,31.28590113"
31.29467243,124.6841041,"124.6841041,31.29467243"
31.30344373,124.68753980000001,"124.68753980000001,31.30344373"
31.31221503,124.6903029,"124.6903029,31.31221503"
31.32098633,124.69239820000001,"124.69239820000001,31.32098633"
31.32975763,124.6938317,"124.6938317,31.32975763"
31.33852893,124.69460959999999,"124.69460959999999,31.33852893"
31.34730023,124.6947395,"124.6947395,31.34730023"
31.35607153,124.6942293,"124.6942293,31.35607153"
31.36484282,124.6930877,"124.6930877,31.36484282"
31.37361412,124.69132420000001,"124.69132420000001,31.37361412"
31.38238542,124.688949,"124.688949,31.38238542"
31.39115672,124.6859726,"124.6859726,31.39115672"
31.39992802,124.6824065,"124.6824065,31.39992802"
31.40869932,124.67826229999999,"124.67826229999999,31.40869932"
31.41747062,124.67355249999999,"124.67355249999999,31.41747062"
31.42624192,124.66828980000001,"124.66828980000001,31.42624192"
31.43501322,124.6624874,"124.6624874,31.43501322"
31.44378452,124.656159,"124.656159,31.44378452"
31.45255582,124.6493186,"124.6493186,31.45255582"
31.46132712,124.64198049999999,"124.64198049999999,31.46132712"
31.47009842,124.6341591,"124.6341591,31.47009842"
31.47886972,124.62586940000001,"124.62586940000001,31.47886972"
31.48764102,124.6171264,"124.6171264,31.48764102"
31.49641232,124.6079452,"124.6079452,31.49641232"
31.50518362,124.59834109999998,"124.59834109999998,31.50518362"
31.51395492,124.58832959999998,"124.58832959999998,31.51395492"
31.52272621,124.57792590000001,"124.57792590000001,31.52272621"
31.53149751,124.5671457,"124.5671457,31.53149751"
31.54026881,124.5560044,"124.5560044,31.54026881"
31.54904011,124.5445172,"124.5445172,31.54904011"
31.55781141,124.5326995,"124.5326995,31.55781141"
31.56658271,124.5205664,"124.5205664,31.56658271"
31.57535401,124.50813290000002,"124.50813290000002,31.57535401"
31.58412531,124.49541380000001,"124.49541380000001,31.58412531"
31.59289661,124.4824237,"124.4824237,31.59289661"
31.60166791,124.46917690000001,"124.46917690000001,31.60166791"
31.61043921,124.4556875,"124.4556875,31.61043921"
31.61921051,124.4419692,"124.4419692,31.61921051"
31.62798181,124.4280355,"124.4280355,31.62798181"
31.63675311,124.41389939999999,"124.41389939999999,31.63675311"
31.64552441,124.3995736,"124.3995736,31.64552441"
31.65429571,124.38507040000002,"124.38507040000002,31.65429571"
31.66306701,124.3704018,"124.3704018,31.66306701"
31.67183831,124.35557920000001,"124.35557920000001,31.67183831"
31.6806096,124.3406137,"124.3406137,31.6806096"
31.6893809,124.3255158,"124.3255158,31.6893809"
31.6981522,124.3102957,"124.3102957,31.6981522"
31.7069235,124.2949631,"124.2949631,31.7069235"
31.715694800000005,124.27952720000002,"124.27952720000002,31.715694800000005"
31.7244661,124.2639966,"124.2639966,31.7244661"
31.7332374,124.24837959999999,"124.24837959999999,31.7332374"
31.7420087,124.232684,"124.232684,31.7420087"
31.75078,124.216917,"124.216917,31.75078"
31.759551300000002,124.20108540000001,"124.20108540000001,31.759551300000002"
31.7683226,124.1851956,"124.1851956,31.7683226"
31.7770939,124.1692534,"124.1692534,31.7770939"
31.7858652,124.1532642,"124.1532642,31.7858652"
31.7946365,124.1372331,"124.1372331,31.7946365"
31.8034078,124.1211646,"124.1211646,31.8034078"
31.8121791,124.1050629,"124.1050629,31.8121791"
31.820950399999997,124.0889317,"124.0889317,31.820950399999997"
31.82972169,124.07277450000001,"124.07277450000001,31.82972169"
31.83849299,124.05659440000001,"124.05659440000001,31.83849299"
31.84726429,124.04039399999999,"124.04039399999999,31.84726429"
31.85603559,124.0241759,"124.0241759,31.85603559"
31.86480689,124.0079422,"124.0079422,31.86480689"
31.87357819,123.9916949,"123.9916949,31.87357819"
31.88234949,123.97543590000002,"123.97543590000002,31.88234949"
31.89112079,123.9591666,"123.9591666,31.89112079"
31.89989209,123.9428885,"123.9428885,31.89989209"
31.90866339,123.926603,"123.926603,31.90866339"
31.91743469,123.91031140000001,"123.91031140000001,31.91743469"
31.92620599,123.894015,"123.894015,31.92620599"
31.93497729,123.877715,"123.877715,31.93497729"
31.94374859,123.8614128,"123.8614128,31.94374859"
31.95251989,123.8451098,"123.8451098,31.95251989"
31.96129119,123.82880759999999,"123.82880759999999,31.96129119"
31.97006249,123.81250800000001,"123.81250800000001,31.97006249"
31.97883379,123.7962129,"123.7962129,31.97883379"
31.98760508,123.7799247,"123.7799247,31.98760508"
31.99637638,123.76364579999999,"123.76364579999999,31.99637638"
32.00514768,123.74737920000001,"123.74737920000001,32.00514768"
32.01391898,123.73112820000001,"123.73112820000001,32.01391898"
32.02269028,123.7148966,"123.7148966,32.02269028"
32.03146158,123.6986886,"123.6986886,32.03146158"
32.04023288,123.6825091,"123.6825091,32.04023288"
32.04900418,123.66636329999999,"123.66636329999999,32.04900418"
32.05777548,123.6502574,"123.6502574,32.05777548"
32.06654678,123.6341979,"123.6341979,32.06654678"
32.07531808,123.6181922,"123.6181922,32.07531808"
32.08408938,123.6022483,"123.6022483,32.08408938"
32.09286068,123.5863752,"123.5863752,32.09286068"
32.10163198,123.5705826,"123.5705826,32.10163198"
32.11040328,123.55488100000001,"123.55488100000001,32.11040328"
32.11917458,123.5392818,"123.5392818,32.11917458"
32.12794588,123.52379740000002,"123.52379740000002,32.12794588"
32.13671718,123.50844120000001,"123.50844120000001,32.13671718"
32.14548847,123.4932274,"123.4932274,32.14548847"
32.15425977,123.4781713,"123.4781713,32.15425977"
32.16303107,123.46328940000001,"123.46328940000001,32.16303107"
32.17180237,123.44859890000001,"123.44859890000001,32.17180237"
32.18057367,123.43411840000002,"123.43411840000002,32.18057367"
32.18934497,123.4198676,"123.4198676,32.18934497"
32.19811627,123.40586699999999,"123.40586699999999,32.19811627"
32.20688757,123.3921385,"123.3921385,32.20688757"
32.21565887,123.3787051,"123.3787051,32.21565887"
32.22443017,123.3655909,"123.3655909,32.22443017"
32.23320147,123.35282109999999,"123.35282109999999,32.23320147"
32.24197277,123.3404222,"123.3404222,32.24197277"
32.25074407,123.3284215,"123.3284215,32.25074407"
32.25951537,123.3168479,"123.3168479,32.25951537"
32.26828667,123.30573100000001,"123.30573100000001,32.26828667"
32.27705797,123.2951018,"123.2951018,32.27705797"
32.28582927,123.2849923,"123.2849923,32.28582927"
32.29460056,123.2754356,"123.2754356,32.29460056"
32.30337186,123.26646570000001,"123.26646570000001,32.30337186"
32.31214316,123.25811780000001,"123.25811780000001,32.31214316"
32.32091446,123.2504279,"123.2504279,32.32091446"
32.32968576,123.24343329999999,"123.24343329999999,32.32968576"
32.33845706,123.23717179999998,"123.23717179999998,32.33845706"
32.34722836,123.23168229999999,"123.23168229999999,32.34722836"
32.35599966,123.22700449999999,"123.22700449999999,32.35599966"
32.36477096,123.2231788,"123.2231788,32.36477096"
32.37354226,123.2202465,"123.2202465,32.37354226"
32.38231356,123.2182492,"123.2182492,32.38231356"
32.39108486,123.2172294,"123.2172294,32.39108486"
32.39985616,123.2172301,"123.2172301,32.39985616"
32.40862746,123.2182946,"123.2182946,32.40862746"
32.41739876,123.22046670000002,"123.22046670000002,32.41739876"
32.42617006,123.2237905,"123.2237905,32.42617006"
32.43494136,123.2283102,"123.2283102,32.43494136"
32.44371266,123.23407040000001,"123.23407040000001,32.44371266"
32.45248395,123.2411155,"123.2411155,32.45248395"
32.46125525,123.2494899,"123.2494899,32.46125525"
32.47002655,123.2592379,"123.2592379,32.47002655"
32.47879785,123.27040359999998,"123.27040359999998,32.47879785"
32.48756915,123.28303079999999,"123.28303079999999,32.48756915"
32.49634045,123.2971626,"123.2971626,32.49634045"
32.50511175,123.3128418,"123.3128418,32.50511175"
32.51388305,123.3301106,"123.3301106,32.51388305"
32.52265435,123.3490101,"123.3490101,32.52265435"
32.53142565,123.3695808,"123.3695808,32.53142565"
32.54019695,123.3918621,"123.3918621,32.54019695"
32.54896825,123.4158923,"123.4158923,32.54896825"
32.55773955,123.44170829999999,"123.44170829999999,32.55773955"
32.56651085,123.46934590000001,"123.46934590000001,32.56651085"
32.57528215,123.49883909999998,"123.49883909999998,32.57528215"
32.58405345,123.53022069999999,"123.53022069999999,32.58405345"
32.59282475,123.56352120000001,"123.56352120000001,32.59282475"
32.60159605,123.59876969999999,"123.59876969999999,32.60159605"
32.61036734,123.635993,"123.635993,32.61036734"
32.61913864,123.6752159,"123.6752159,32.61913864"
32.62790994,123.71646090000002,"123.71646090000002,32.62790994"
32.63668124,123.7597482,"123.7597482,32.63668124"
32.64545254,123.80509520000001,"123.80509520000001,32.64545254"
32.65422384,123.8525169,"123.8525169,32.65422384"
32.66299514,123.9020255,"123.9020255,32.66299514"
32.67176644,123.95363020000002,"123.95363020000002,32.67176644"
32.68053774,124.007337,"124.007337,32.68053774"
32.68930904,124.06314909999999,"124.06314909999999,32.68930904"
32.69808034,124.12106609999998,"124.12106609999998,32.69808034"
32.70685164,124.1810844,"124.1810844,32.70685164"
32.71562294,124.2431966,"124.2431966,32.71562294"
32.72439424,124.3073919,"124.3073919,32.72439424"
32.73316554,124.37365559999999,"124.37365559999999,32.73316554"
32.74193684,124.4419691,"124.4419691,32.74193684"
32.75070814,124.51230990000002,"124.51230990000002,32.75070814"
32.75947944,124.58465120000001,"124.58465120000001,32.75947944"
32.76825073,124.65896219999999,"124.65896219999999,32.76825073"
32.77702203,124.7352076,"124.7352076,32.77702203"
32.78579333,124.81334790000001,"124.81334790000001,32.78579333"
32.79456463,124.8933389,"124.8933389,32.79456463"
32.80333593,124.975132,"124.975132,32.80333593"
32.81210723,125.0586737,"125.0586737,32.81210723"
32.82087853,125.143906,"125.143906,32.82087853"
32.82964983,125.2307658,"125.2307658,32.82964983"
32.83842113,125.31918540000001,"125.31918540000001,32.83842113"
32.84719243,125.40909189999999,"125.40909189999999,32.84719243"
32.85596373,125.5004075,"125.5004075,32.85596373"
32.86473503,125.5930493,"125.5930493,32.86473503"
32.87350633,125.68692949999999,"125.68692949999999,32.87350633"
32.88227763,125.7819547,"125.7819547,32.88227763"
32.89104893,125.87802690000001,"125.87802690000001,32.89104893"
32.89982023,125.9750423,"125.9750423,32.89982023"
32.90859153,126.07289240000001,"126.07289240000001,32.90859153"
32.91736282,126.17146310000001,"126.17146310000001,32.91736282"
32.92613412,126.2706352,"126.2706352,32.92613412"
32.93490542,126.3702844,"126.3702844,32.93490542"
32.94367672,126.470281,"126.470281,32.94367672"
32.95244802,126.5704902,"126.5704902,32.95244802"
32.96121932,126.67077179999998,"126.67077179999998,32.96121932"
32.96999062,126.77098090000001,"126.77098090000001,32.96999062"
32.97876192,126.87096709999999,"126.87096709999999,32.97876192"
32.98753322,126.970575,"126.970575,32.98753322"
32.99630452,127.06964450000001,"127.06964450000001,32.99630452"
33.00507582,127.16801029999999,"127.16801029999999,33.00507582"
33.01384712,127.26550220000001,"127.26550220000001,33.01384712"
33.02261842,127.3619456,"127.3619456,33.02261842"
33.03138972,127.4571608,"127.4571608,33.03138972"
33.04016102,127.5509638,"127.5509638,33.04016102"
33.04893232,127.643166,"127.643166,33.04893232"
33.05770362,127.7335744,"127.7335744,33.05770362"
33.06647492,127.82199209999999,"127.82199209999999,33.06647492"
33.07524621,127.90821770000001,"127.90821770000001,33.07524621"
33.08401751,127.992046,"127.992046,33.08401751"
33.09278881,128.07326809999998,"128.07326809999998,33.09278881"
33.10156011,128.1516712,"128.1516712,33.10156011"
33.11033141,128.2270394,"128.2270394,33.11033141"
33.11910271,128.299153,"128.299153,33.11910271"
33.12787401,128.3677897,"128.3677897,33.12787401"
33.13664531,128.4327238,"128.4327238,33.13664531"
33.14541661,128.493727,"128.493727,33.14541661"
33.15418791,128.55056869999999,"128.55056869999999,33.15418791"
33.16295921,128.6030156,"128.6030156,33.16295921"
33.17173051,128.6508325,"128.6508325,33.17173051"
33.18050181,128.69378229999998,"128.69378229999998,33.18050181"
33.18927311,128.7316261,"128.7316261,33.18927311"
33.19804441,128.7641237,"128.7641237,33.19804441"
33.20681571,128.7910337,"128.7910337,33.20681571"
33.21558701,128.8121137,"128.8121137,33.21558701"
33.22435831,128.8271207,"128.8271207,33.22435831"
33.233129600000005,128.8358114,"128.8358114,33.233129600000005"
33.2419009,128.837942,"128.837942,33.2419009"
33.250672200000004,128.8332691,"128.8332691,33.250672200000004"
33.2594435,128.8215496,"128.8215496,33.2594435"
33.268214799999996,128.80254109999998,"128.80254109999998,33.268214799999996"
33.2769861,128.77600220000002,"128.77600220000002,33.2769861"
33.285757399999994,128.74169270000002,"128.74169270000002,33.285757399999994"
33.2945287,128.6993739,"128.6993739,33.2945287"
33.3033,128.648809,"128.648809,33.3033"
